Nome,AnoLancamento,Produtora,PaisOrigem,NumeroDownloads,TipoJogo,MaxJogadores,Genero,ClassificacaoEtaria,Preco,AvaliacaoUsuario
Matthew Saga,2006,Ubisoft,Reino Unido,37253806,Single Player,1,Estratégia,18+,74.67,1.55
Ronald Legends,2024,Sony,China,8515492,Multiplayer,68,Puzzle,16+,140.25,1.04
Diane World,1980,Activision,China,41115130,Multiplayer,84,RPG,Livre,149.83,3.97
Shawna World,1995,Nintendo,França,18745420,Multiplayer,13,Ação,10+,79.05,3.59
Ashley Saga,2004,Sony,França,36810697,Single Player,1,Corrida,16+,10.87,1.4
David Quest,2024,Activision,Brasil,11898414,Multiplayer,72,Esporte,12+,157.95,4.99
Melissa Legends,1994,Ubisoft,Japão,49219549,Single Player,1,Simulação,16+,197.21,1.03
Jessica Quest,2013,Capcom,Alemanha,10293992,Multiplayer,33,Aventura,16+,190.9,1.65
George Quest,2000,Sega,Reino Unido,38964858,Single Player,1,Esporte,12+,268.29,1.42
Pamela Legends,2012,Square Enix,Alemanha,20046289,Multiplayer,98,Puzzle,Livre,127.33,1.86
Mark Quest,2008,Sega,Alemanha,47378630,Multiplayer,82,Esporte,Livre,7.84,4.5
Stacy World,2012,Activision,Austrália,3529123,Single Player,1,Terror,Livre,229.84,2.55
Sarah Chronicles,1991,Sony,Alemanha,25966858,Single Player,1,Ação,14+,10.04,4.4
William Quest,2019,Sega,França,18364649,Multiplayer,72,Plataforma,16+,41.39,4.96
Jason Battle,2025,Nintendo,Austrália,17139168,Single Player,1,RPG,18+,226.9,2.93
Andrea Legends,1989,Microsoft,Austrália,6518846,Multiplayer,76,RPG,16+,278.48,4.02
Sara Quest,1995,Activision,Coréia do Sul,7490785,Multiplayer,100,Ação,14+,187.79,1.12
Samuel Legends,1990,Rockstar Games,Coréia do Sul,48148637,Multiplayer,10,Esporte,12+,9.72,2.07
Daniel Legends,1985,Microsoft,EUA,37296987,Single Player,1,RPG,Livre,31.97,1.65
Louis Quest,2018,Activision,França,37204692,Single Player,1,RPG,10+,219.19,2.55
Johnny Saga,1998,Ubisoft,Alemanha,30476447,Multiplayer,17,Aventura,Livre,164.51,3.4
Jaime Battle,1992,Ubisoft,Brasil,6208194,Single Player,1,Puzzle,12+,232.58,1.28
James World,1997,Rockstar Games,Reino Unido,29004604,Multiplayer,92,RPG,14+,71.45,4.16
Vanessa Saga,2008,Ubisoft,Canadá,31474186,Multiplayer,53,Simulação,14+,46.46,1.43
Richard Quest,1986,Nintendo,Brasil,11240663,Single Player,1,Estratégia,12+,200.13,1.2
Tammy Quest,2000,Sega,Brasil,869065,Multiplayer,35,Simulação,18+,265.22,3.06
Brenda Saga,2018,Activision,Coréia do Sul,11557408,Single Player,1,Corrida,18+,285.12,3.33
Ricky Battle,1993,Sony,Brasil,48803152,Multiplayer,32,Aventura,10+,120.15,3.68
Johnny Legends,1992,Activision,Coréia do Sul,36167994,Single Player,1,Corrida,16+,265.0,2.1
Austin Legends,1980,Microsoft,Coréia do Sul,30833640,Single Player,1,Aventura,12+,212.73,3.18
Kristy Legends,1981,Sony,Austrália,15773474,Multiplayer,96,Corrida,18+,20.96,2.44
Rebecca Battle,1988,Square Enix,Reino Unido,13852281,Single Player,1,RPG,10+,70.14,3.26
Donald Battle,2013,Ubisoft,EUA,12852154,Multiplayer,3,Aventura,18+,11.2,2.71
Susan Saga,1994,EA,Japão,43669284,Multiplayer,74,Terror,10+,219.93,3.73
Connor Quest,2013,Square Enix,Austrália,19761030,Single Player,1,Ação,18+,48.37,4.21
Rebecca Legends,1990,Capcom,Austrália,48715383,Multiplayer,89,Terror,Livre,151.61,2.38
Olivia Saga,1982,Sega,França,16510896,Single Player,1,Ação,10+,60.32,1.68
Teresa Legends,2022,EA,França,25967690,Single Player,1,Plataforma,Livre,169.44,4.84
Jacqueline World,1994,Rockstar Games,Coréia do Sul,23111684,Single Player,1,Corrida,12+,192.86,1.95
Vanessa Battle,2025,Nintendo,Canadá,34957285,Multiplayer,17,RPG,16+,205.98,3.09
Jared Quest,2016,Square Enix,Japão,10537080,Multiplayer,25,Esporte,14+,270.01,2.0
Raymond World,2020,Rockstar Games,EUA,1700438,Single Player,1,Aventura,18+,228.81,4.69
Mark Legends,2001,Sega,França,190028,Single Player,1,Esporte,10+,266.08,4.72
Zachary World,1999,Ubisoft,Coréia do Sul,24116624,Multiplayer,26,Esporte,14+,259.52,1.45
Lauren Chronicles,1997,Rockstar Games,Coréia do Sul,3657487,Multiplayer,35,Simulação,18+,200.19,1.94
Gabrielle Saga,2016,Microsoft,EUA,24047399,Single Player,1,Plataforma,10+,106.69,4.48
Michael Battle,1989,Sega,Alemanha,36071768,Single Player,1,Ação,18+,3.61,1.66
Samantha Saga,1988,Sega,Japão,38705622,Single Player,1,Aventura,10+,39.35,4.0
Mark World,1989,Capcom,Canadá,48887275,Single Player,1,Plataforma,10+,234.49,2.26
Martha Quest,2007,Ubisoft,Japão,18246914,Multiplayer,35,Esporte,Livre,192.8,1.54
Carrie Quest,1997,Nintendo,Coréia do Sul,48354209,Multiplayer,83,Puzzle,12+,22.45,1.08
Alicia Battle,2005,EA,EUA,22719896,Single Player,1,Aventura,14+,75.12,4.01
Margaret World,2001,Sega,França,1937111,Multiplayer,51,Terror,18+,66.55,4.09
Michelle Legends,2013,Nintendo,Austrália,15763224,Single Player,1,Corrida,12+,254.1,1.35
Rebecca World,2014,Activision,França,3808669,Multiplayer,7,Terror,18+,164.65,3.61
Dalton World,2018,Rockstar Games,Japão,28732411,Single Player,1,Estratégia,18+,162.09,4.79
Dalton Saga,1995,Sony,Japão,20540958,Multiplayer,42,RPG,14+,198.52,1.87
Kenneth Chronicles,2017,Square Enix,China,6538265,Single Player,1,Ação,16+,73.81,4.54
Carl World,2000,Capcom,Alemanha,10624075,Single Player,1,Plataforma,Livre,267.28,1.08
Brandon Battle,2002,EA,EUA,11125835,Multiplayer,81,Terror,12+,283.19,1.32
Michelle Chronicles,1985,Nintendo,Brasil,15023180,Single Player,1,Terror,10+,163.71,3.85
Robin Saga,2010,Sony,Austrália,11006689,Single Player,1,RPG,10+,223.21,4.83
Margaret Legends,2015,Microsoft,Austrália,49306855,Single Player,1,Corrida,14+,173.52,3.98
Keith Quest,1993,Sega,Japão,36498644,Single Player,1,Simulação,Livre,38.78,4.67
Michelle Legends,1993,Sega,EUA,10213390,Multiplayer,65,Esporte,10+,252.13,4.81
Richard Saga,1995,Capcom,Alemanha,5753404,Multiplayer,34,Ação,18+,240.86,2.43
Jack Quest,1988,Square Enix,Alemanha,1882218,Multiplayer,9,Aventura,16+,118.61,3.29
Julie Battle,2006,Sony,Canadá,5035918,Multiplayer,88,Corrida,12+,170.14,3.29
Sara Battle,1998,Capcom,Alemanha,47673456,Multiplayer,13,Esporte,12+,236.34,1.7
William Battle,1982,Activision,Coréia do Sul,17141492,Single Player,1,Plataforma,12+,108.88,1.5
Kevin Battle,1985,Sony,Japão,30686332,Single Player,1,Estratégia,Livre,156.46,1.4
Timothy Legends,1982,Sony,Brasil,13416993,Single Player,1,Simulação,14+,263.47,1.41
Taylor Chronicles,2007,Activision,EUA,29821276,Multiplayer,91,Ação,Livre,115.17,2.34
Chad Chronicles,1984,Nintendo,Japão,11390120,Single Player,1,Corrida,12+,97.45,2.56
Matthew Saga,1993,EA,Reino Unido,35198569,Multiplayer,91,RPG,Livre,178.57,3.42
Andrew Quest,2006,Microsoft,Reino Unido,34639106,Single Player,1,Simulação,16+,29.2,1.81
Joseph World,1995,Nintendo,Austrália,37970644,Multiplayer,91,Aventura,12+,45.32,2.18
Chelsey Quest,2009,Activision,Reino Unido,37489507,Single Player,1,Terror,Livre,140.4,1.68
Kimberly Battle,1986,Microsoft,Alemanha,14265010,Multiplayer,26,Aventura,14+,108.49,2.97
Connor Quest,2016,Sony,China,39986513,Multiplayer,3,Esporte,Livre,9.16,1.4
John World,2000,Activision,Austrália,6429955,Multiplayer,65,Ação,Livre,109.2,3.24
Sean Chronicles,1986,Microsoft,França,38627017,Multiplayer,76,Estratégia,Livre,113.11,1.67
Kyle Chronicles,2021,Microsoft,EUA,35316910,Single Player,1,Terror,12+,95.62,1.22
Melissa Chronicles,2018,Sega,França,12189042,Multiplayer,56,Esporte,16+,147.38,3.86
Pamela Saga,1987,Square Enix,Japão,32599161,Multiplayer,46,Esporte,12+,142.67,4.85
Andrew Saga,1982,Microsoft,Canadá,28548160,Single Player,1,Aventura,10+,223.13,4.12
Jennifer World,1993,Sega,Austrália,20243292,Multiplayer,29,Terror,12+,284.85,2.89
Michael Saga,2006,Rockstar Games,China,41088608,Single Player,1,Aventura,14+,68.33,2.32
Jose Quest,2006,Ubisoft,China,37758499,Single Player,1,RPG,10+,190.43,4.9
Sandra Legends,1990,Capcom,Reino Unido,42085425,Multiplayer,20,Puzzle,18+,61.9,4.15
Jennifer World,2001,Sega,Alemanha,4872280,Single Player,1,Corrida,18+,295.0,4.36
Jessica Legends,2024,Ubisoft,Japão,42628975,Multiplayer,27,Puzzle,12+,155.32,2.48
Monica Legends,1993,Sony,Reino Unido,2053164,Multiplayer,43,Simulação,18+,42.39,3.86
Daniel Quest,1990,Rockstar Games,Austrália,26020404,Multiplayer,69,Simulação,18+,274.85,3.41
Sarah Battle,1992,Sony,Coréia do Sul,18581057,Single Player,1,Simulação,Livre,235.67,1.03
Jeffrey Saga,2000,Nintendo,Canadá,7829873,Multiplayer,19,RPG,12+,139.88,4.24
Charles World,2019,Activision,Japão,24215699,Single Player,1,Terror,16+,272.55,3.76
Brandi Chronicles,2019,Ubisoft,Canadá,26810075,Single Player,1,Simulação,10+,160.18,2.21
Donald Saga,1980,Sega,Reino Unido,27325304,Multiplayer,9,Ação,16+,135.0,4.76
Kevin Chronicles,2022,Nintendo,Reino Unido,44000013,Multiplayer,2,Aventura,16+,259.79,4.75
Luis World,1987,Activision,Coréia do Sul,25513542,Single Player,1,RPG,Livre,13.48,3.54
Michael Chronicles,1993,Nintendo,China,19471336,Single Player,1,Terror,Livre,159.77,3.64
John Chronicles,1994,Rockstar Games,Austrália,18438007,Multiplayer,43,Terror,16+,297.24,1.47
Jorge Legends,2017,EA,China,41896084,Single Player,1,Ação,10+,172.75,1.52
Laurie Quest,1997,Nintendo,Brasil,30395325,Multiplayer,36,Esporte,14+,255.32,1.17
James Battle,1997,Square Enix,Austrália,30423465,Single Player,1,Simulação,16+,192.64,3.83
Gabriel Saga,1990,Rockstar Games,Reino Unido,44434145,Single Player,1,Plataforma,16+,80.75,1.29
Kevin Battle,1994,Nintendo,EUA,5045588,Single Player,1,Corrida,18+,175.96,1.84
Jeffrey Saga,1994,Sega,França,18853525,Multiplayer,15,Plataforma,12+,102.67,4.61
Melissa Legends,1999,Capcom,França,41524037,Single Player,1,Ação,14+,290.23,1.02
Nicholas Saga,2021,Nintendo,Alemanha,24459516,Single Player,1,RPG,12+,19.47,1.16
Jesse World,1987,Ubisoft,Reino Unido,46044782,Single Player,1,Puzzle,10+,221.32,1.99
Jennifer Quest,1999,Capcom,EUA,17006734,Single Player,1,RPG,10+,159.91,3.98
Michael Legends,2003,Nintendo,Alemanha,44791665,Multiplayer,82,Ação,18+,30.53,2.94
Jennifer Chronicles,2011,Activision,Reino Unido,20418709,Single Player,1,Aventura,10+,264.32,3.35
David Battle,2004,Sony,EUA,38483881,Single Player,1,Simulação,12+,240.58,4.01
Tyler Battle,2004,Nintendo,Reino Unido,937642,Multiplayer,17,Corrida,Livre,34.4,4.68
Sarah Battle,2007,EA,Austrália,16811858,Single Player,1,RPG,16+,66.84,2.27
Ashley World,1983,Ubisoft,Austrália,24144043,Multiplayer,54,Terror,10+,186.66,3.38
Antonio Chronicles,2023,EA,Canadá,41959150,Single Player,1,Esporte,12+,198.39,3.89
Donna World,1980,Capcom,EUA,32307010,Single Player,1,Plataforma,18+,128.0,3.18
Walter Quest,1994,Activision,EUA,7261268,Single Player,1,Plataforma,18+,243.81,4.74
Carlos Chronicles,2012,Sony,Brasil,599013,Multiplayer,48,Corrida,10+,99.22,1.93
Kimberly Saga,2018,Square Enix,Reino Unido,9576123,Single Player,1,Plataforma,14+,23.33,2.43
Rebecca Saga,1985,EA,Austrália,18053366,Single Player,1,Estratégia,18+,142.21,3.12
Diana Legends,1992,Microsoft,EUA,22367094,Single Player,1,RPG,10+,220.35,4.42
Jennifer Chronicles,1991,Ubisoft,Japão,42355190,Multiplayer,81,Corrida,16+,69.26,3.18
Andrew Chronicles,1992,Sony,França,24687709,Multiplayer,75,Terror,16+,201.69,3.48
Leslie World,2008,Ubisoft,Reino Unido,7606130,Single Player,1,Aventura,10+,132.4,2.64
Lisa World,2005,Ubisoft,China,4307179,Single Player,1,Simulação,18+,287.34,2.97
Curtis Legends,1985,Ubisoft,Alemanha,31626093,Single Player,1,Estratégia,12+,47.96,4.66
Christian Battle,1993,Rockstar Games,Brasil,7459539,Multiplayer,52,Aventura,18+,107.34,2.99
Adrian World,2019,Activision,Alemanha,15014573,Multiplayer,65,RPG,10+,295.73,4.07
Robert World,2015,Sega,Coréia do Sul,26513228,Multiplayer,57,Plataforma,Livre,148.22,2.05
Sharon Chronicles,1987,Nintendo,Brasil,25344170,Multiplayer,57,Plataforma,16+,177.15,2.51
Matthew Chronicles,1995,EA,Austrália,28629899,Single Player,1,Ação,18+,244.67,3.03
Ellen Legends,1983,Activision,Japão,1779694,Single Player,1,RPG,Livre,297.53,3.54
Donald Quest,2018,Ubisoft,Coréia do Sul,31984353,Single Player,1,Plataforma,14+,212.24,3.86
Lance Saga,1989,Sega,China,32589415,Multiplayer,7,RPG,12+,135.12,4.35
Robert Legends,2005,Capcom,Coréia do Sul,34481685,Multiplayer,15,Terror,12+,273.67,1.56
Amber Saga,1981,Rockstar Games,Canadá,8027155,Single Player,1,Ação,10+,133.62,2.71
Stephen Quest,1990,Ubisoft,EUA,8093851,Multiplayer,66,Simulação,16+,204.78,3.1
Jamie Chronicles,1985,Square Enix,Canadá,5055125,Multiplayer,39,Estratégia,10+,288.73,3.33
Stanley Battle,2011,Nintendo,Canadá,3708367,Multiplayer,50,Aventura,16+,250.31,1.24
Daniel Saga,1988,Microsoft,Coréia do Sul,42076723,Multiplayer,48,Plataforma,12+,264.05,3.83
Todd Saga,1987,Sega,Japão,33896400,Single Player,1,Aventura,10+,49.12,3.08
Mary World,2011,Square Enix,Japão,5081915,Multiplayer,82,Estratégia,12+,227.14,1.27
Sarah Battle,1983,Activision,Coréia do Sul,42596454,Single Player,1,Esporte,10+,242.88,3.14
Joshua Saga,2009,Ubisoft,Coréia do Sul,45867780,Single Player,1,Simulação,18+,297.53,3.12
Destiny World,2006,Square Enix,Japão,17908042,Single Player,1,Simulação,10+,210.23,4.43
Brittany World,2013,Activision,Alemanha,5650397,Multiplayer,81,Ação,14+,186.32,4.11
Tonya Chronicles,1981,EA,Austrália,25836392,Single Player,1,Terror,18+,85.88,3.12
Tanya World,2001,Ubisoft,Brasil,35494653,Multiplayer,12,Plataforma,18+,274.55,4.27
Erin Battle,2021,EA,Reino Unido,31241077,Multiplayer,41,Simulação,10+,224.18,3.77
David Quest,1994,EA,França,7270086,Single Player,1,Esporte,10+,280.95,3.31
Zachary Saga,1984,Nintendo,China,26712033,Single Player,1,Simulação,Livre,214.54,4.7
Savannah Battle,1986,Sega,França,5970493,Single Player,1,Terror,Livre,66.3,1.4
Shaun World,1982,Ubisoft,China,23891687,Single Player,1,RPG,16+,56.14,4.57
Michael Chronicles,1984,Square Enix,Austrália,46202487,Single Player,1,Corrida,16+,97.33,4.17
Sarah Saga,1996,EA,França,2996914,Multiplayer,72,Plataforma,10+,159.15,4.49
John Legends,2019,Rockstar Games,Reino Unido,41486046,Multiplayer,22,Estratégia,10+,215.96,3.05
Connor Saga,1985,Ubisoft,China,28283781,Single Player,1,Estratégia,14+,200.25,3.04
Briana Battle,2003,Rockstar Games,Reino Unido,13765664,Single Player,1,Esporte,18+,272.31,1.63
Jeanette Legends,2015,Sega,China,31028311,Multiplayer,59,Ação,10+,54.25,4.17
Holly Quest,1981,Sony,China,21391654,Multiplayer,13,Plataforma,14+,251.62,3.93
Jonathan Battle,2007,Sega,China,4986365,Single Player,1,Ação,12+,291.1,1.06
Lauren Saga,1984,Rockstar Games,Coréia do Sul,33199254,Single Player,1,Plataforma,Livre,107.45,2.48
Kathleen World,1994,Sony,Japão,7686231,Multiplayer,55,Simulação,16+,238.1,4.36
Gregory Saga,2019,Sega,Coréia do Sul,3145560,Multiplayer,83,Corrida,12+,245.77,4.39
Robert Legends,1985,Rockstar Games,França,26250110,Multiplayer,46,Plataforma,12+,20.21,1.26
Jason World,1989,EA,Austrália,31973904,Single Player,1,Simulação,16+,120.25,2.52
Alexandra Legends,1993,Sony,Japão,48522226,Single Player,1,Terror,14+,283.03,1.09
Ethan Chronicles,2015,Sony,França,25667608,Multiplayer,20,Plataforma,18+,89.36,2.0
Jeanette Legends,2007,Capcom,Brasil,44621494,Multiplayer,32,Estratégia,Livre,123.51,4.17
Madeline World,1989,Capcom,Canadá,29863906,Single Player,1,Esporte,14+,121.0,3.6
Heidi Battle,1998,Activision,Alemanha,2177001,Multiplayer,23,Esporte,14+,19.1,2.16
Diane Saga,1982,Capcom,Alemanha,39249393,Multiplayer,85,Plataforma,10+,94.48,2.24
Toni Chronicles,1982,Ubisoft,Canadá,1456128,Multiplayer,46,Estratégia,16+,92.9,4.95
Elizabeth Battle,2002,Ubisoft,Canadá,26982317,Multiplayer,91,Simulação,16+,286.08,2.02
Susan Saga,1998,Microsoft,Reino Unido,14692848,Multiplayer,41,Esporte,12+,241.14,4.03
Thomas Saga,2015,Sega,Canadá,7667817,Multiplayer,30,Terror,14+,243.08,3.81
Edward Legends,1982,Sega,França,39998651,Single Player,1,Corrida,14+,182.14,1.38
Donna Quest,2021,Activision,Brasil,8283887,Single Player,1,Plataforma,14+,21.73,3.32
John World,1990,Rockstar Games,Alemanha,16468625,Multiplayer,9,Aventura,14+,5.27,3.81
Travis Chronicles,2000,Capcom,Japão,2448114,Single Player,1,RPG,12+,139.66,1.05
Nicole Quest,1989,Capcom,Canadá,14406130,Multiplayer,66,Terror,18+,210.69,1.66
Kathleen Quest,1990,Ubisoft,China,29237478,Single Player,1,Corrida,18+,194.88,2.9
Brianna Legends,2023,Ubisoft,China,43793336,Multiplayer,59,Corrida,14+,117.17,2.05
John Chronicles,1992,Microsoft,Canadá,39226971,Multiplayer,72,Puzzle,14+,119.01,1.51
Elizabeth Chronicles,1996,Microsoft,França,6902879,Single Player,1,RPG,10+,243.98,2.8
Sarah Chronicles,1994,Nintendo,Alemanha,26824014,Single Player,1,Plataforma,10+,36.36,2.6
David Chronicles,2008,Ubisoft,Austrália,38500996,Multiplayer,56,Ação,Livre,234.13,4.48
Cheyenne Saga,2004,Square Enix,Japão,47271073,Single Player,1,Esporte,16+,54.77,3.24
William World,2008,Sega,Reino Unido,23212299,Single Player,1,Plataforma,18+,132.71,2.93
Jason Battle,1985,Rockstar Games,Austrália,31555441,Single Player,1,Estratégia,18+,42.44,1.18
Thomas Battle,2018,Capcom,Brasil,13285389,Multiplayer,90,Corrida,16+,22.4,4.15
Susan Battle,2023,Ubisoft,Austrália,18864458,Single Player,1,Terror,16+,190.84,1.17
Jessica World,2018,Microsoft,Alemanha,25135958,Single Player,1,Aventura,16+,34.5,3.63
William Quest,1981,Sega,Austrália,49726211,Single Player,1,Plataforma,Livre,84.21,4.86
Morgan Saga,2024,Sega,Coréia do Sul,8140567,Single Player,1,Esporte,16+,278.63,3.47
Pamela Quest,2010,Nintendo,Canadá,9810180,Single Player,1,Esporte,14+,192.1,3.48
Philip World,2008,Square Enix,Austrália,41187429,Multiplayer,77,Estratégia,10+,297.71,2.63
Greg Chronicles,2014,Square Enix,China,20113939,Single Player,1,Ação,12+,253.33,1.41
Valerie Battle,2000,Capcom,Reino Unido,43336951,Multiplayer,94,Simulação,18+,121.65,3.26
Natalie World,2008,Ubisoft,Alemanha,36328078,Multiplayer,43,Esporte,Livre,298.75,1.64
Heather World,2012,Rockstar Games,Austrália,11621877,Single Player,1,Puzzle,16+,166.36,1.17
Thomas Chronicles,2009,Sony,Canadá,46956206,Multiplayer,14,Corrida,14+,61.17,4.16
Molly Battle,1985,Sega,Canadá,16764018,Single Player,1,Aventura,18+,183.56,4.5
Michelle Battle,2023,Sony,França,37722467,Single Player,1,Estratégia,18+,21.93,2.48
Jeanette Legends,2001,Microsoft,Brasil,28796139,Multiplayer,32,RPG,12+,45.28,4.57
Toni World,2011,Microsoft,Japão,36460787,Multiplayer,18,Aventura,16+,39.03,3.1
Adam World,1988,Rockstar Games,Reino Unido,4904113,Single Player,1,Simulação,12+,42.99,4.11
Richard World,2005,EA,França,15890456,Multiplayer,98,Simulação,16+,40.15,3.32
Mary World,2003,Sony,Canadá,29227390,Multiplayer,84,Puzzle,12+,295.62,1.72
Dakota World,2019,EA,França,12078334,Single Player,1,Terror,14+,72.0,1.92
Joanne Chronicles,1992,Ubisoft,Reino Unido,7887652,Multiplayer,19,Aventura,16+,284.06,4.55
Stephanie Saga,1987,Sega,Alemanha,42977370,Multiplayer,77,Simulação,10+,224.4,2.65
Thomas World,1988,Ubisoft,França,24549930,Single Player,1,Aventura,10+,90.18,2.38
Justin World,2001,Sega,Coréia do Sul,48796422,Single Player,1,Simulação,Livre,108.78,4.55
Joshua Battle,2004,Ubisoft,Alemanha,30455376,Single Player,1,Corrida,14+,166.41,3.34
Alexis Chronicles,2011,EA,Reino Unido,44036072,Multiplayer,67,Ação,14+,92.63,3.15
Jodi Battle,1997,Rockstar Games,Alemanha,43350353,Multiplayer,22,Puzzle,Livre,155.07,4.05
Lindsey Saga,2020,Sega,Austrália,20651165,Single Player,1,Ação,14+,191.02,2.79
Donna Battle,2009,Capcom,Japão,775490,Multiplayer,7,Simulação,12+,65.48,2.25
Jessica Battle,1986,Sega,Canadá,30495192,Multiplayer,8,Aventura,10+,69.46,3.34
Michelle Saga,1994,Capcom,Alemanha,19887257,Multiplayer,15,Ação,16+,224.81,4.65
Jacob Legends,2000,Square Enix,China,46678885,Single Player,1,Corrida,18+,9.72,4.18
Dawn Saga,2022,Microsoft,EUA,34879358,Multiplayer,80,Ação,Livre,80.63,3.94
Adam Saga,2022,Capcom,Japão,7331124,Multiplayer,17,Ação,12+,241.37,4.36
Jennifer Legends,2018,Square Enix,Canadá,18941614,Single Player,1,Terror,16+,108.17,1.11
Patricia Battle,2009,Activision,Reino Unido,24273763,Single Player,1,Estratégia,Livre,84.88,3.92
Sharon Chronicles,1998,Sega,EUA,36229616,Multiplayer,92,Ação,18+,35.95,3.51
Wendy World,1986,Rockstar Games,Japão,21628050,Multiplayer,73,Corrida,18+,136.16,4.95
Laura Legends,1990,EA,Reino Unido,5743361,Single Player,1,Simulação,18+,101.05,2.52
Brittany Chronicles,1987,Nintendo,China,1303806,Multiplayer,93,Terror,Livre,212.64,4.77
Jill World,2008,Rockstar Games,Coréia do Sul,30951377,Single Player,1,RPG,14+,35.86,3.19
Jacob Saga,1990,Microsoft,Canadá,19895477,Multiplayer,52,Ação,12+,77.15,3.5
Jennifer Chronicles,2013,EA,EUA,14946457,Multiplayer,93,Estratégia,Livre,152.09,2.58
Daniel Chronicles,2006,EA,Reino Unido,16566525,Single Player,1,Aventura,14+,57.97,2.66
Amanda Saga,1999,Nintendo,Brasil,37725396,Single Player,1,Simulação,12+,113.74,4.94
Thomas Quest,1991,Square Enix,Brasil,3543291,Multiplayer,48,Estratégia,18+,206.77,4.44
Stacy Chronicles,2007,Square Enix,Japão,216596,Single Player,1,Esporte,Livre,210.01,1.7
Corey Quest,1994,Activision,Japão,22797993,Multiplayer,58,Aventura,14+,196.8,3.33
Jennifer Saga,1983,Sony,Reino Unido,27105433,Multiplayer,25,Simulação,12+,238.31,1.4
Cole Quest,2015,Nintendo,Canadá,31258745,Multiplayer,29,Esporte,Livre,244.6,4.77
Steven Legends,1987,Ubisoft,França,29719706,Multiplayer,14,RPG,16+,266.93,1.58
Kenneth Quest,1989,Sega,Coréia do Sul,6962481,Single Player,1,Ação,14+,292.14,4.59
Rachel World,2021,Ubisoft,França,20783161,Single Player,1,Terror,14+,201.46,1.39
Shannon Battle,2010,Capcom,Austrália,34786987,Multiplayer,57,Esporte,12+,160.67,2.54
Jason Chronicles,2001,Capcom,Japão,38285283,Single Player,1,Ação,14+,242.89,1.51
Julie Legends,2018,Ubisoft,Coréia do Sul,47269378,Single Player,1,Corrida,14+,183.72,2.55
Leah Legends,2015,Nintendo,Austrália,25637217,Single Player,1,Plataforma,10+,103.53,4.17
Mercedes Saga,1988,Sony,Austrália,24026693,Multiplayer,90,Plataforma,12+,84.51,3.89
Kelly Saga,1984,Ubisoft,Coréia do Sul,40430474,Multiplayer,4,Terror,14+,41.0,1.74
Shane Saga,1993,Square Enix,Brasil,44740316,Multiplayer,8,Puzzle,12+,143.87,1.69
Ralph Battle,2011,Sony,Brasil,37081802,Multiplayer,9,Aventura,Livre,170.78,4.67
Cristian Saga,2018,Sega,EUA,9637467,Multiplayer,68,Esporte,14+,78.18,1.18
Deborah World,2014,EA,Canadá,14337280,Single Player,1,Puzzle,16+,246.56,4.8
Richard Chronicles,2024,EA,Reino Unido,1957095,Multiplayer,53,RPG,10+,243.47,2.98
Janice Saga,2023,Square Enix,China,24723316,Single Player,1,Puzzle,16+,89.28,1.19
Patricia Chronicles,2010,Sega,Coréia do Sul,12348370,Single Player,1,RPG,14+,148.92,3.31
James Legends,1985,Sega,Reino Unido,2948056,Multiplayer,58,Aventura,10+,67.57,1.17
Mark World,2020,Square Enix,EUA,21740809,Multiplayer,70,Esporte,Livre,286.42,2.03
Sherry World,2004,Square Enix,Brasil,16339233,Multiplayer,82,Aventura,Livre,58.12,1.14
Cindy Battle,1993,Square Enix,Canadá,15758933,Multiplayer,12,Corrida,Livre,233.09,4.41
Karen Quest,1980,Square Enix,Coréia do Sul,37691943,Multiplayer,94,RPG,Livre,65.46,1.95
Barry Quest,1988,Nintendo,Brasil,40483972,Single Player,1,Esporte,Livre,291.75,1.36
Roger Legends,1985,Capcom,Brasil,21706161,Single Player,1,Esporte,16+,213.3,2.71
James World,2019,Capcom,Brasil,37587992,Multiplayer,85,Terror,14+,237.69,3.49
Denise Legends,2024,Activision,Coréia do Sul,22027924,Single Player,1,Estratégia,10+,32.51,4.32
Daniel Chronicles,1987,Microsoft,China,288062,Multiplayer,87,Corrida,14+,86.5,4.08
Christopher Battle,1981,EA,França,6148482,Multiplayer,58,Corrida,10+,205.6,4.18
Jason World,2021,EA,Brasil,48943711,Multiplayer,25,Aventura,14+,257.38,1.17
Mariah Quest,1982,Square Enix,EUA,29594113,Single Player,1,RPG,16+,100.99,4.87
Rachel Legends,2022,Square Enix,Coréia do Sul,14085723,Multiplayer,38,Aventura,18+,58.04,3.26
Ashley Quest,1980,Microsoft,Austrália,40475171,Single Player,1,RPG,16+,0.89,1.08
Tracie Battle,2011,Square Enix,Austrália,49647751,Multiplayer,16,Plataforma,12+,176.94,2.27
Desiree World,1995,Activision,França,43715014,Multiplayer,5,Esporte,18+,7.01,3.5
Mary Legends,2002,Ubisoft,Coréia do Sul,40045699,Multiplayer,54,Terror,16+,179.73,4.45
Thomas Quest,2015,Nintendo,Japão,18789508,Single Player,1,Estratégia,14+,124.69,3.09
Steven Battle,2008,Ubisoft,Japão,29223677,Single Player,1,Ação,Livre,244.27,3.68
Cameron Saga,1989,Nintendo,Brasil,889023,Multiplayer,70,Puzzle,18+,64.65,4.29
Carol World,1988,Sony,Reino Unido,27925760,Multiplayer,27,Ação,12+,141.65,2.81
Curtis Saga,2025,Sega,França,14302916,Single Player,1,Ação,Livre,178.77,4.75
Emma Chronicles,1987,Rockstar Games,Alemanha,39068853,Multiplayer,39,RPG,12+,70.93,1.63
Brittany Legends,1984,Microsoft,China,41660767,Single Player,1,Puzzle,16+,277.92,4.71
Dwayne Battle,2002,Capcom,Canadá,3230643,Single Player,1,Estratégia,10+,274.05,3.98
Angela Saga,2001,Sony,Coréia do Sul,23549908,Single Player,1,Puzzle,14+,164.86,3.52
Rachel World,2017,Sega,Canadá,46856274,Multiplayer,92,Esporte,10+,19.0,3.95
Lorraine Chronicles,2001,Sony,China,18961348,Multiplayer,69,Simulação,Livre,28.33,4.12
Charles World,2001,Sega,Canadá,25878244,Multiplayer,28,Corrida,18+,20.1,3.22
Joshua World,2023,Sony,EUA,16726432,Multiplayer,78,Aventura,12+,248.6,1.24
Roy World,1997,Square Enix,Brasil,32995030,Multiplayer,13,Plataforma,12+,270.23,4.81
Douglas Saga,1987,Capcom,Reino Unido,49192514,Multiplayer,60,Simulação,Livre,0.79,4.41
Cameron Quest,1983,Nintendo,França,49362777,Multiplayer,63,Esporte,18+,51.59,3.41
Brittany Legends,1986,Rockstar Games,Alemanha,43475332,Single Player,1,Aventura,Livre,80.55,4.06
Susan World,2019,Ubisoft,Reino Unido,11978089,Multiplayer,86,Plataforma,18+,94.98,4.59
Stacy World,2014,Sony,Canadá,39145771,Single Player,1,Corrida,14+,272.34,1.12
Sarah Quest,2022,EA,Reino Unido,4517829,Multiplayer,47,Aventura,10+,274.34,3.25
Carla Legends,1980,Ubisoft,Coréia do Sul,40315928,Single Player,1,Ação,10+,165.78,4.69
Melinda Saga,2003,Activision,Austrália,48749384,Single Player,1,Ação,16+,105.4,2.22
Daniel World,1984,Nintendo,Canadá,4644977,Single Player,1,Ação,14+,115.67,1.98
Pamela World,1986,Rockstar Games,Austrália,45267714,Multiplayer,74,Corrida,10+,178.89,3.6
Brandi Saga,1988,Capcom,China,7471523,Multiplayer,74,RPG,18+,194.4,2.19
Scott World,2002,Square Enix,Canadá,33224889,Single Player,1,Puzzle,Livre,196.06,2.79
Lisa Saga,1981,Capcom,China,19407687,Multiplayer,36,Plataforma,14+,94.47,4.31
Cory Battle,2016,Activision,Austrália,19237040,Multiplayer,63,RPG,14+,295.93,4.72
Robert Chronicles,2015,Sony,Canadá,38144862,Multiplayer,58,Simulação,14+,94.21,2.06
Brittney Quest,1997,EA,EUA,15525192,Single Player,1,Plataforma,16+,188.97,2.18
John World,2021,Square Enix,China,47827369,Multiplayer,97,Ação,14+,214.82,2.35
Shannon World,2011,Microsoft,Alemanha,12963567,Single Player,1,Simulação,10+,110.38,3.56
Erin Legends,2016,Capcom,Japão,34171303,Multiplayer,99,Corrida,Livre,23.79,2.94
Richard Chronicles,1998,Activision,Alemanha,39770272,Multiplayer,39,Plataforma,14+,105.11,4.44
Daniel World,1993,Activision,Japão,44214243,Single Player,1,Estratégia,16+,261.33,4.32
Christina Quest,1986,Microsoft,China,39212003,Single Player,1,Simulação,16+,199.88,1.03
Patrick Chronicles,1989,Capcom,China,36475480,Multiplayer,6,RPG,14+,116.31,2.34
Joel Battle,2005,EA,EUA,34114535,Single Player,1,RPG,14+,84.03,2.82
Michaela Legends,2019,Microsoft,Japão,46745744,Single Player,1,Terror,16+,119.64,2.75
Robin World,2023,Square Enix,França,18807710,Single Player,1,Simulação,12+,221.48,2.75
Linda Legends,2003,Activision,EUA,26710405,Single Player,1,Aventura,16+,207.71,3.48
Megan Battle,2019,Activision,Austrália,38320580,Single Player,1,Plataforma,16+,117.85,2.03
Shannon Battle,2022,Square Enix,Japão,24880940,Multiplayer,54,Esporte,16+,197.44,2.03
Rebecca World,1986,Activision,Reino Unido,17840658,Multiplayer,68,Esporte,18+,250.83,1.69
Carolyn World,2014,Capcom,Alemanha,28900071,Multiplayer,45,Simulação,10+,210.13,2.69
Katie Quest,1998,Sony,Coréia do Sul,9289441,Multiplayer,18,Esporte,Livre,22.13,3.75
Cody Legends,2006,Sony,Japão,35247249,Single Player,1,RPG,14+,155.46,1.22
Benjamin Chronicles,1987,Rockstar Games,Coréia do Sul,11133884,Multiplayer,6,Aventura,16+,58.63,3.21
Mary Battle,1991,Nintendo,China,43448344,Single Player,1,Aventura,14+,89.48,2.26
Kimberly Legends,1982,Microsoft,Japão,49132289,Single Player,1,Estratégia,Livre,269.76,4.26
Daniel Battle,2020,Rockstar Games,China,29618278,Single Player,1,RPG,12+,126.16,2.8
Christopher Saga,1995,Nintendo,Alemanha,36715829,Multiplayer,35,RPG,10+,291.54,3.96
Jose Quest,2017,Square Enix,Austrália,10018868,Multiplayer,69,Corrida,16+,55.87,2.4
Antonio Saga,2003,Sega,Japão,1213832,Multiplayer,38,RPG,16+,248.03,4.61
Stephanie Legends,1984,Ubisoft,Canadá,41137529,Multiplayer,23,Plataforma,18+,202.0,2.43
Alison Quest,1991,Rockstar Games,Japão,17996272,Single Player,1,Estratégia,18+,150.73,4.3
Alec Battle,1999,Ubisoft,Canadá,14116192,Multiplayer,69,Puzzle,12+,60.63,1.98
Stephen Chronicles,2012,Capcom,Reino Unido,15706155,Single Player,1,Ação,14+,299.17,1.89
Joel World,1998,EA,França,682118,Single Player,1,Plataforma,10+,13.51,1.02
Kelly Legends,2002,Microsoft,Canadá,43378877,Single Player,1,Simulação,12+,222.82,2.04
Erik Battle,2024,Capcom,Alemanha,37078088,Multiplayer,37,Aventura,16+,19.71,3.07
Sheila Battle,2012,Capcom,Canadá,47333245,Single Player,1,Terror,18+,98.78,3.55
Lori World,2016,Sega,China,35541606,Single Player,1,Ação,14+,13.16,2.96
Terry Battle,2006,Nintendo,Austrália,14421681,Multiplayer,32,Esporte,16+,267.65,1.04
Hannah Saga,1984,Microsoft,Alemanha,4531474,Multiplayer,72,Corrida,16+,140.66,1.46
Omar Battle,2013,Microsoft,Brasil,43042961,Multiplayer,23,Estratégia,16+,233.89,1.57
Kimberly Saga,2002,Microsoft,Austrália,16594480,Multiplayer,62,Simulação,16+,72.12,2.18
Rebecca Battle,1998,Sony,Coréia do Sul,21162518,Single Player,1,Corrida,10+,146.53,1.09
Lisa Saga,2020,Microsoft,França,22061939,Single Player,1,Ação,12+,199.97,3.02
Vanessa Legends,1992,Ubisoft,Brasil,14080365,Single Player,1,Terror,Livre,19.68,2.58
Madison Saga,2003,Rockstar Games,Brasil,25483718,Single Player,1,Aventura,18+,129.48,3.54
Sheila Legends,2003,Capcom,Alemanha,6522214,Multiplayer,69,Aventura,18+,86.26,1.32
Brian Battle,1987,Capcom,Austrália,30902777,Multiplayer,55,Terror,14+,166.62,1.89
Mark Legends,1983,Capcom,Reino Unido,11538634,Multiplayer,73,Aventura,18+,257.72,4.74
Nicole Quest,1984,Sony,Austrália,38059336,Single Player,1,Terror,18+,253.59,4.18
Matthew Legends,2010,Rockstar Games,Reino Unido,9653994,Single Player,1,Simulação,10+,102.47,2.44
Katherine World,2025,Ubisoft,Reino Unido,3452495,Single Player,1,Simulação,18+,187.86,2.37
Alejandro Chronicles,2012,Nintendo,Canadá,20161025,Single Player,1,Ação,10+,53.95,4.92
Kyle Legends,2023,Microsoft,EUA,27469342,Multiplayer,18,Aventura,14+,254.79,1.38
Donna Quest,1980,EA,Reino Unido,27534798,Single Player,1,Simulação,14+,216.58,1.99
Kenneth Chronicles,2000,Sega,Alemanha,20667251,Multiplayer,67,Puzzle,16+,235.59,2.54
Brandon Chronicles,2015,Microsoft,Brasil,2520165,Single Player,1,RPG,14+,292.23,4.56
Vickie Battle,1983,Square Enix,Austrália,25872323,Multiplayer,58,Simulação,12+,168.68,4.23
Annette Legends,2021,EA,Coréia do Sul,31384286,Single Player,1,Aventura,14+,225.37,3.64
Kyle Saga,2019,EA,Canadá,31109078,Single Player,1,Puzzle,16+,15.1,4.91
Noah World,2001,Ubisoft,Brasil,8011701,Multiplayer,41,Puzzle,14+,222.12,2.6
Justin Quest,1987,Sony,Reino Unido,10241676,Single Player,1,RPG,16+,13.73,3.96
Anne Battle,1982,Square Enix,Austrália,42015204,Multiplayer,40,RPG,10+,85.77,3.96
Zachary Quest,1986,Sony,EUA,39089651,Multiplayer,37,RPG,12+,172.02,3.74
Ann World,2007,EA,Reino Unido,17599174,Single Player,1,Plataforma,18+,72.81,3.71
Mary Saga,2002,Square Enix,Canadá,1397852,Single Player,1,Estratégia,18+,120.78,3.1
Abigail Quest,2000,Square Enix,Brasil,8321122,Single Player,1,Aventura,16+,241.08,4.58
Ryan Chronicles,1980,Microsoft,Alemanha,49501216,Single Player,1,Corrida,10+,194.97,3.88
Angela Saga,1991,EA,Brasil,1892308,Multiplayer,25,Esporte,18+,184.69,3.17
Kayla Battle,1996,Ubisoft,Alemanha,35007570,Single Player,1,Simulação,10+,191.24,3.39
Christina Legends,1982,Sega,Brasil,9151887,Multiplayer,36,Terror,18+,18.6,4.09
Phillip Saga,2016,Rockstar Games,China,37630200,Single Player,1,Puzzle,Livre,191.35,3.5
James Chronicles,2017,Nintendo,Austrália,19027456,Multiplayer,36,Esporte,16+,149.87,4.09
Brittany Saga,1992,Microsoft,EUA,46720574,Multiplayer,96,Esporte,10+,216.5,2.67
Michelle Quest,2021,Sony,Coréia do Sul,33755916,Multiplayer,32,RPG,Livre,233.98,2.99
Yvette Quest,2005,Ubisoft,Austrália,47562789,Single Player,1,RPG,16+,215.98,3.4
Stacy Saga,2012,Square Enix,Reino Unido,7035843,Single Player,1,Puzzle,18+,275.24,1.34
Ann Battle,2011,Rockstar Games,Brasil,9892322,Multiplayer,13,Aventura,12+,78.11,2.2
Dean Legends,1985,Nintendo,Canadá,40138602,Multiplayer,3,Terror,18+,234.24,4.37
Benjamin World,2015,Ubisoft,EUA,12875200,Single Player,1,RPG,16+,23.09,3.86
Donald World,1996,EA,Coréia do Sul,18455165,Multiplayer,70,Esporte,14+,18.07,3.16
Elizabeth World,2011,Sony,Austrália,25347217,Multiplayer,20,Puzzle,16+,108.53,1.23
Scott Battle,1983,Activision,Canadá,23016038,Multiplayer,56,Simulação,14+,49.05,4.28
Marie Saga,2024,Square Enix,Reino Unido,26635393,Single Player,1,Ação,16+,255.96,4.94
Hector Saga,2008,EA,Reino Unido,14060800,Single Player,1,Estratégia,18+,213.47,2.37
Curtis Quest,2014,Ubisoft,Brasil,36241538,Single Player,1,Estratégia,14+,235.65,1.72
Terry World,1982,EA,Brasil,26384967,Multiplayer,15,Aventura,16+,89.25,1.41
Christopher Battle,1995,Activision,França,27906693,Single Player,1,Terror,12+,241.63,4.52
Jasmine Legends,1987,Microsoft,China,38510977,Multiplayer,48,Plataforma,18+,266.66,1.2
Jennifer World,1986,Sega,China,22633132,Single Player,1,Plataforma,Livre,273.96,3.54
Christopher World,2012,Sega,Coréia do Sul,12679231,Multiplayer,46,Esporte,16+,92.33,1.69
Victoria Saga,2017,Sega,China,5024617,Multiplayer,24,Esporte,Livre,155.24,4.91
Daniel World,1984,Rockstar Games,Reino Unido,9876658,Multiplayer,13,Ação,14+,137.51,4.75
Riley Quest,2006,Rockstar Games,Coréia do Sul,37722071,Multiplayer,59,Puzzle,12+,70.17,4.23
Alfred Legends,2025,Rockstar Games,EUA,39752079,Multiplayer,39,Esporte,10+,245.71,2.39
James Quest,1985,Activision,Coréia do Sul,47079975,Single Player,1,Ação,10+,188.3,2.28
Tiffany Battle,2006,Ubisoft,Coréia do Sul,45930692,Single Player,1,Terror,14+,206.9,2.94
Anthony Battle,1993,Nintendo,Coréia do Sul,28291806,Single Player,1,Aventura,12+,278.87,1.24
Erika Legends,2018,Ubisoft,China,5876716,Multiplayer,94,Puzzle,14+,141.65,4.46
Anthony Quest,1980,Square Enix,Austrália,31034611,Single Player,1,Corrida,16+,147.65,3.06
Natasha Chronicles,1981,Activision,França,13218199,Single Player,1,Estratégia,10+,179.06,4.65
Jeffrey Quest,2002,Ubisoft,Coréia do Sul,18741343,Multiplayer,91,Plataforma,Livre,270.67,3.94
Ashley Saga,2020,Rockstar Games,Alemanha,3281224,Multiplayer,61,Esporte,14+,96.36,2.95
Shirley Saga,1981,Sega,EUA,3847301,Single Player,1,Simulação,Livre,188.67,3.66
Katherine Chronicles,2000,Square Enix,Japão,36888357,Single Player,1,Estratégia,10+,129.61,1.79
Benjamin Saga,1993,Ubisoft,Austrália,18474657,Single Player,1,Corrida,Livre,47.16,1.16
Melinda Battle,1998,EA,China,8467749,Single Player,1,Simulação,Livre,293.86,4.81
Willie World,2015,Activision,Brasil,32060969,Multiplayer,33,Aventura,18+,120.12,3.76
Ashley Chronicles,2025,Rockstar Games,Canadá,32697886,Multiplayer,60,Terror,18+,75.0,1.9
Sara Legends,1984,EA,China,35973526,Multiplayer,43,Aventura,Livre,93.68,2.55
Miranda Legends,2017,Activision,Coréia do Sul,25597102,Single Player,1,Plataforma,16+,240.32,1.88
Karen Chronicles,2008,Sony,Alemanha,35180620,Multiplayer,61,Puzzle,16+,33.07,4.81
Jeffrey Saga,2018,Nintendo,EUA,17134957,Single Player,1,RPG,12+,285.33,2.51
Sheri Chronicles,1992,Capcom,Reino Unido,30638100,Multiplayer,37,Terror,16+,286.95,3.89
Kristen Legends,2018,Activision,Canadá,39940623,Single Player,1,Corrida,Livre,9.28,1.77
Ronald Chronicles,2006,Sony,Canadá,19290397,Single Player,1,Corrida,14+,55.77,4.88
Gregory Battle,1990,EA,Reino Unido,22249230,Single Player,1,Ação,12+,96.87,4.16
Rebecca Chronicles,2008,Activision,Canadá,48779659,Single Player,1,Puzzle,12+,191.14,3.45
Kim Quest,2025,Capcom,China,24789187,Multiplayer,7,Terror,Livre,64.72,1.65
Vanessa Saga,2001,Sega,Coréia do Sul,16726281,Multiplayer,70,Simulação,16+,59.58,3.92
Bruce Quest,2016,Nintendo,China,47884648,Single Player,1,Corrida,18+,124.9,3.85
Shari Chronicles,2024,Nintendo,França,35809408,Single Player,1,Plataforma,18+,241.92,1.95
Kayla World,2009,EA,Japão,19447301,Multiplayer,9,Simulação,12+,158.93,2.02
Angela Battle,1999,Nintendo,Austrália,29997987,Multiplayer,46,Plataforma,12+,173.58,3.67
Michelle Chronicles,1992,Activision,Austrália,44998660,Multiplayer,90,Estratégia,Livre,99.7,3.65
Adam Saga,2004,Sony,EUA,10508942,Single Player,1,Simulação,14+,101.72,2.25
Natalie Battle,2006,Sega,Coréia do Sul,33675733,Single Player,1,Puzzle,12+,203.01,3.74
Jessica Quest,2021,EA,França,1130633,Single Player,1,Ação,14+,52.69,1.37
Joseph Battle,1993,Activision,Brasil,12670743,Single Player,1,Simulação,10+,77.42,4.54
Teresa Legends,1986,EA,Japão,8997382,Single Player,1,Terror,10+,155.48,4.72
Scott Chronicles,2020,Sony,Japão,12633553,Multiplayer,65,Estratégia,12+,110.39,4.61
Anthony Legends,2012,Nintendo,Canadá,24977330,Single Player,1,RPG,10+,203.81,2.89
Emily Chronicles,2019,Sony,Japão,30092575,Multiplayer,1,RPG,14+,154.54,4.4
Travis Legends,2020,Sega,EUA,45128687,Multiplayer,35,RPG,Livre,159.84,2.88
Keith Quest,1996,Capcom,Austrália,12445477,Multiplayer,69,Esporte,16+,247.79,4.02
Sarah Chronicles,2004,Activision,Alemanha,42007102,Single Player,1,Corrida,16+,260.5,3.6
Chelsea Saga,2012,Rockstar Games,Alemanha,46090249,Multiplayer,66,Plataforma,Livre,77.99,3.27
William Saga,2023,EA,França,22161568,Multiplayer,29,Ação,10+,135.69,2.9
Benjamin Saga,1985,Activision,China,24309288,Single Player,1,Terror,10+,173.22,3.14
Joseph Legends,1995,Square Enix,Japão,10697043,Multiplayer,53,Aventura,14+,23.48,3.76
Erika World,2010,Activision,Japão,25300901,Multiplayer,22,Corrida,18+,69.23,2.73
Emily Quest,2008,Activision,Austrália,42784313,Single Player,1,Estratégia,14+,53.21,1.42
Lance Saga,1988,Capcom,Brasil,45653648,Single Player,1,Esporte,18+,24.74,1.85
Veronica World,1997,Sega,Brasil,40447097,Multiplayer,32,Esporte,12+,37.13,3.47
Michael Saga,2014,Activision,EUA,5103773,Multiplayer,31,Corrida,14+,243.38,4.12
Mark Quest,1989,Sega,Canadá,23281057,Single Player,1,Corrida,14+,196.94,4.81
Vickie Battle,2020,Activision,Austrália,4262391,Single Player,1,Puzzle,14+,67.31,2.25
Laura World,2020,EA,França,22848474,Single Player,1,Terror,10+,140.25,2.8
Matthew Saga,2024,Sony,Brasil,7596055,Multiplayer,86,Corrida,Livre,111.29,3.57
Brenda Saga,2015,Microsoft,Alemanha,1722881,Multiplayer,55,Esporte,18+,249.99,2.46
Michael Quest,1983,Sony,Japão,21786357,Multiplayer,79,RPG,10+,89.14,1.33
Tina Saga,1988,Square Enix,Japão,20665254,Multiplayer,40,Puzzle,16+,41.06,2.43
Michael Quest,2017,Capcom,Austrália,42421227,Single Player,1,Terror,10+,129.21,1.66
James Saga,2022,Sega,Alemanha,20819850,Single Player,1,Aventura,10+,251.47,3.06
Jeremy Chronicles,1991,Capcom,Alemanha,28639145,Single Player,1,Simulação,14+,1.62,3.04
Raymond Legends,1981,Activision,Coréia do Sul,2597317,Multiplayer,53,Simulação,10+,193.87,2.15
Kathryn Quest,2008,Activision,Brasil,21042154,Multiplayer,66,Puzzle,14+,111.6,4.25
Tim Chronicles,1994,Rockstar Games,EUA,44832373,Single Player,1,Estratégia,16+,181.38,4.03
Christopher Legends,2006,Microsoft,EUA,38320549,Single Player,1,RPG,16+,250.3,1.54
Charles Legends,2002,Capcom,EUA,1469489,Multiplayer,24,Puzzle,14+,75.27,3.78
Mark Chronicles,2007,Nintendo,China,9267027,Single Player,1,Aventura,Livre,129.23,2.46
Haley Chronicles,1992,Nintendo,EUA,1577921,Multiplayer,39,Simulação,14+,184.39,1.66
Nathan World,2023,Sega,Brasil,6537470,Multiplayer,40,Terror,16+,122.03,3.24
Matthew Quest,2004,Nintendo,Brasil,18153917,Single Player,1,Simulação,18+,77.71,1.91
Cody World,2002,Sony,França,21221805,Multiplayer,62,Corrida,18+,299.28,1.63
Sarah Saga,2000,Nintendo,Brasil,27531155,Multiplayer,56,Corrida,Livre,185.61,3.36
Alison Chronicles,1996,Rockstar Games,EUA,27213239,Multiplayer,20,Simulação,10+,232.72,4.59
Gregory Quest,2012,Nintendo,Canadá,45543058,Single Player,1,Estratégia,16+,21.95,2.29
Raymond World,1993,Sony,França,21018042,Multiplayer,60,Plataforma,Livre,151.23,3.37
Phillip Legends,2017,Activision,Alemanha,37874305,Single Player,1,Estratégia,16+,42.76,2.06
Patrick Quest,2010,EA,Canadá,18134500,Multiplayer,14,Puzzle,18+,293.5,2.47
Susan Saga,1988,Nintendo,França,45323242,Multiplayer,1,Esporte,Livre,129.65,2.9
Monique World,2000,Ubisoft,Japão,25285864,Multiplayer,100,Corrida,16+,115.52,3.14
Jeffery Chronicles,2021,Sega,China,34466890,Single Player,1,RPG,12+,124.06,1.33
Matthew Battle,1998,Nintendo,Alemanha,12379836,Multiplayer,63,Corrida,Livre,88.01,3.16
Pamela Quest,2021,Microsoft,França,8152465,Single Player,1,Estratégia,14+,238.09,1.78
Angelica Legends,1990,Activision,EUA,20390740,Single Player,1,Plataforma,Livre,38.94,3.72
Veronica Battle,1988,Rockstar Games,Alemanha,38210471,Single Player,1,Simulação,18+,196.58,1.03
Nicholas Battle,2010,Microsoft,França,24376011,Multiplayer,79,Puzzle,12+,229.01,3.07
Samuel World,1994,Square Enix,Alemanha,18155012,Multiplayer,72,Simulação,14+,297.34,2.3
Tonya Chronicles,1996,Ubisoft,Brasil,25475984,Multiplayer,37,Simulação,14+,86.42,3.11
Emily Chronicles,1997,Microsoft,França,18700933,Multiplayer,42,Puzzle,Livre,251.16,1.79
Shannon Quest,2013,Sega,França,6925482,Multiplayer,55,Terror,12+,46.55,2.42
Joshua World,2020,Square Enix,Coréia do Sul,29473269,Multiplayer,16,Simulação,18+,200.43,3.1
Samuel Battle,2021,Activision,Reino Unido,37817294,Single Player,1,Ação,10+,139.46,1.28
Joshua Saga,1999,Activision,Reino Unido,229668,Single Player,1,Estratégia,16+,158.99,1.03
Julia Battle,2003,Ubisoft,China,3448304,Single Player,1,Ação,Livre,116.34,1.11
Jose Saga,1983,Activision,Reino Unido,34810113,Single Player,1,Corrida,Livre,64.67,4.75
Colleen Quest,2021,Square Enix,China,42655579,Single Player,1,Corrida,10+,0.46,3.15
Aaron Saga,1989,Square Enix,Coréia do Sul,19288774,Single Player,1,Aventura,18+,148.53,2.27
Samantha Battle,2001,Square Enix,Alemanha,42251387,Multiplayer,63,Plataforma,10+,242.0,2.74
Katherine Battle,1998,Square Enix,Austrália,26207503,Single Player,1,Ação,Livre,44.26,2.6
David World,2024,Microsoft,Coréia do Sul,37944726,Single Player,1,RPG,12+,36.52,1.44
Fernando Battle,2011,Ubisoft,Austrália,41821926,Multiplayer,60,Aventura,10+,127.59,4.58
Valerie Chronicles,1995,Rockstar Games,EUA,22979283,Single Player,1,Estratégia,14+,223.38,3.59
David Battle,1994,Rockstar Games,EUA,37535976,Multiplayer,7,Terror,12+,135.21,2.51
Megan Quest,1994,Capcom,Japão,23952935,Multiplayer,53,Aventura,18+,127.83,2.08
John Saga,2003,EA,Austrália,5461088,Multiplayer,22,Simulação,12+,158.94,4.37
Miguel Legends,1983,Activision,Canadá,22225690,Single Player,1,Simulação,16+,40.36,3.1
Karen World,2002,Nintendo,Brasil,28248680,Multiplayer,78,Puzzle,Livre,162.08,4.1
Michael Quest,1994,Microsoft,Canadá,11317702,Multiplayer,45,Plataforma,10+,197.93,3.73
Stephanie Quest,2022,Nintendo,EUA,31815638,Multiplayer,7,Aventura,16+,163.22,2.43
Nicole Chronicles,2006,Rockstar Games,Japão,18332606,Multiplayer,72,Aventura,Livre,221.01,2.87
Sherri Saga,1991,EA,Brasil,23648705,Single Player,1,Estratégia,14+,60.37,3.32
Roberto Legends,2023,Ubisoft,Coréia do Sul,7016629,Multiplayer,45,Terror,18+,252.25,1.69
Vincent World,2008,Nintendo,Canadá,22724449,Single Player,1,Puzzle,12+,60.42,1.18
Robert Legends,2016,Ubisoft,Alemanha,44418058,Multiplayer,54,Corrida,Livre,40.37,2.36
Kevin Battle,1992,Ubisoft,Canadá,20610819,Multiplayer,4,RPG,16+,197.97,2.89
Antonio Battle,2010,Sega,Japão,26008026,Multiplayer,62,Esporte,12+,50.01,2.06
Nicole Quest,2015,Sony,Alemanha,18842924,Single Player,1,Esporte,18+,259.55,2.5
Christina Saga,2019,Activision,EUA,5466153,Multiplayer,68,Simulação,10+,251.15,3.64
Victoria Quest,2024,EA,Japão,7620687,Multiplayer,91,Aventura,Livre,181.82,4.94
Christopher Quest,2006,Rockstar Games,Canadá,16225537,Single Player,1,Corrida,12+,243.77,3.26
Tasha Legends,1996,Activision,França,17301635,Single Player,1,RPG,16+,38.09,4.35
Debbie Saga,2001,Nintendo,França,25019377,Single Player,1,Plataforma,12+,43.72,3.01
Jacob World,1988,Square Enix,China,18675059,Multiplayer,44,RPG,10+,299.21,3.74
Joanne World,1996,Ubisoft,França,41737040,Single Player,1,RPG,10+,59.23,4.08
Robert World,2025,Activision,China,18279711,Single Player,1,Simulação,12+,59.59,1.94
Jeremy Chronicles,1997,Capcom,Reino Unido,25468481,Single Player,1,Plataforma,Livre,172.16,4.91
Kevin Battle,2013,Rockstar Games,Alemanha,616315,Single Player,1,Simulação,12+,115.65,1.68
Jacob Quest,1995,Square Enix,EUA,5015842,Single Player,1,Simulação,12+,120.62,3.0
Jesse Battle,1997,Rockstar Games,Reino Unido,43715098,Single Player,1,Aventura,18+,59.5,1.18
Ashley World,2024,Square Enix,França,27319754,Single Player,1,Plataforma,14+,168.77,4.74
Rachel Quest,2017,EA,Reino Unido,16033832,Multiplayer,73,Esporte,12+,173.35,1.53
Adrienne Legends,2012,Microsoft,Canadá,20994394,Single Player,1,Corrida,14+,159.32,4.83
Johnny World,2004,Sony,França,16724793,Single Player,1,RPG,Livre,226.97,2.71
Cody World,2016,Rockstar Games,EUA,44479440,Single Player,1,Esporte,14+,20.42,4.45
James Quest,1998,Sony,França,3560019,Multiplayer,7,Ação,16+,169.14,3.25
Teresa Saga,2002,Square Enix,China,14179639,Single Player,1,Estratégia,10+,158.35,2.94
Jennifer Saga,2025,Sony,EUA,49637544,Multiplayer,61,Esporte,Livre,51.22,3.37
Anthony Battle,2010,Ubisoft,EUA,9357393,Single Player,1,Simulação,14+,32.63,1.12
Christina Saga,2015,Nintendo,Austrália,47477792,Single Player,1,Puzzle,Livre,19.38,2.87
Tamara Battle,1993,Activision,Reino Unido,48746996,Multiplayer,28,Esporte,16+,167.99,3.93
Courtney Saga,1989,Rockstar Games,Brasil,10312431,Single Player,1,Simulação,18+,26.92,3.04
Tracy Battle,2004,Square Enix,EUA,18380212,Single Player,1,Aventura,10+,6.1,1.27
Michael World,1981,EA,EUA,39792577,Multiplayer,66,RPG,18+,142.63,2.85
Kayla Battle,1990,Square Enix,Japão,25455456,Single Player,1,Aventura,18+,17.82,4.39
Scott Quest,1996,Microsoft,China,9013740,Multiplayer,73,Puzzle,14+,52.54,4.84
Gary Quest,2014,Nintendo,Japão,38482316,Single Player,1,Simulação,12+,101.91,4.37
Roger Quest,2022,EA,Reino Unido,9163512,Multiplayer,22,Ação,12+,123.37,3.36
Carol Saga,2023,Sony,Brasil,12792904,Single Player,1,Plataforma,Livre,63.28,4.18
Timothy Battle,1984,Sony,França,30908557,Single Player,1,RPG,Livre,60.31,2.95
Jessica Quest,2009,Rockstar Games,Coréia do Sul,28546521,Multiplayer,80,Aventura,10+,101.87,2.82
Rhonda Saga,2000,Nintendo,França,19283874,Multiplayer,24,Plataforma,Livre,6.33,1.12
Stephen Legends,1998,Capcom,China,8963633,Multiplayer,50,Simulação,18+,175.99,3.91
Sarah Legends,2021,Ubisoft,China,15138575,Multiplayer,62,Terror,14+,286.87,1.2
Tiffany Quest,2018,Activision,França,25887500,Single Player,1,Simulação,16+,44.98,2.67
Arthur Saga,1997,Square Enix,Reino Unido,37826405,Single Player,1,Corrida,12+,239.27,1.2
Kevin Saga,1985,Activision,França,49138332,Multiplayer,67,RPG,16+,47.71,3.35
Maria Battle,2013,Capcom,EUA,20746311,Single Player,1,Puzzle,10+,186.5,4.06
Heather Legends,2000,Sony,Alemanha,47784095,Single Player,1,Plataforma,12+,12.32,4.08
Morgan Saga,2017,Sony,Austrália,48542740,Single Player,1,Terror,12+,45.18,3.09
Sandra Legends,1999,Rockstar Games,China,7366601,Single Player,1,Simulação,14+,135.63,4.87
Regina Legends,2023,Sony,Alemanha,11461920,Single Player,1,Aventura,14+,177.06,3.75
Megan Legends,1994,Square Enix,Reino Unido,135633,Single Player,1,RPG,18+,243.03,4.86
Ronald Legends,1985,Activision,Japão,27026957,Single Player,1,Estratégia,16+,94.99,1.29
Brian Chronicles,2013,Square Enix,China,29558977,Single Player,1,RPG,Livre,241.02,4.84
Joshua Legends,2019,EA,Canadá,48372871,Multiplayer,53,Simulação,16+,46.27,4.57
Patrick Legends,1980,Rockstar Games,Alemanha,21190842,Single Player,1,Terror,12+,229.06,4.96
Scott Chronicles,1992,Ubisoft,Coréia do Sul,28955011,Single Player,1,RPG,18+,189.68,4.41
Reginald Battle,2010,EA,China,12361976,Single Player,1,Plataforma,12+,202.92,4.49
Megan Saga,2008,Sony,Alemanha,10673590,Multiplayer,54,Aventura,12+,75.19,1.53
Janice Legends,2022,Ubisoft,Brasil,35783769,Multiplayer,54,Plataforma,Livre,99.43,2.73
William Saga,2021,EA,China,19738888,Single Player,1,Corrida,12+,218.54,2.33
Douglas Battle,1980,Sony,Canadá,42605384,Single Player,1,Puzzle,12+,67.33,4.66
Brian World,1996,Square Enix,Alemanha,44835798,Multiplayer,84,Corrida,10+,71.98,1.5
Sean Quest,1999,Capcom,China,9369438,Single Player,1,Aventura,16+,110.45,1.64
Cheryl Saga,2001,Sega,Alemanha,24330366,Multiplayer,61,Esporte,10+,226.38,2.41
Susan Battle,2019,Rockstar Games,Japão,20482198,Single Player,1,Puzzle,18+,229.35,4.11
Charles World,1989,Microsoft,EUA,46374808,Single Player,1,Terror,Livre,164.39,2.23
Carol Legends,1983,Activision,Coréia do Sul,49482691,Multiplayer,4,Corrida,12+,290.81,2.97
Nathan Legends,1999,Sega,França,42319592,Single Player,1,Aventura,10+,40.8,2.21
Hannah World,2002,Nintendo,França,45584989,Single Player,1,Puzzle,Livre,212.01,4.83
Amy World,1993,EA,Reino Unido,42396695,Multiplayer,5,Aventura,18+,172.51,2.03
Arthur Chronicles,2013,Sega,França,31967701,Multiplayer,31,Puzzle,16+,207.51,1.5
Sierra World,1992,Rockstar Games,Canadá,9607695,Single Player,1,Corrida,14+,158.35,4.47
Roberta Legends,1999,EA,China,36521466,Single Player,1,Ação,Livre,220.27,2.41
Gail World,2007,Nintendo,Coréia do Sul,16422912,Multiplayer,84,Corrida,10+,143.35,4.48
Juan Saga,1988,Microsoft,Reino Unido,15483493,Single Player,1,Aventura,Livre,113.14,3.08
Donald Chronicles,1998,Rockstar Games,Japão,31303372,Single Player,1,RPG,12+,217.89,4.22
Kimberly Quest,1983,EA,Canadá,21063324,Single Player,1,Esporte,16+,7.74,1.39
Kevin Chronicles,1998,Microsoft,Canadá,39925942,Multiplayer,93,Esporte,12+,240.61,3.08
Francisco World,1989,Ubisoft,Canadá,44535536,Multiplayer,46,Plataforma,14+,222.19,1.17
Patrick Chronicles,1997,Nintendo,Alemanha,9517527,Multiplayer,45,Aventura,14+,84.31,3.48
Carmen World,2025,Activision,Coréia do Sul,32803914,Single Player,1,Esporte,Livre,142.2,4.1
Eric Saga,1996,Rockstar Games,EUA,18855397,Multiplayer,49,RPG,12+,1.6,1.88
Richard Legends,1986,Capcom,Austrália,18376595,Single Player,1,Aventura,12+,291.0,4.46
Katelyn Quest,2004,Rockstar Games,Brasil,37082076,Multiplayer,57,Estratégia,16+,254.38,3.76
Beth Quest,1986,Microsoft,Alemanha,40169776,Multiplayer,25,RPG,12+,297.89,3.89
Michelle Chronicles,2007,EA,Canadá,33382297,Single Player,1,Aventura,10+,83.61,1.67
Adrian Chronicles,1997,Sega,Alemanha,44421286,Single Player,1,Esporte,Livre,104.54,3.37
Erin Chronicles,2023,Rockstar Games,Japão,39505680,Single Player,1,Terror,12+,38.34,3.76
Mitchell World,2002,Microsoft,China,40398054,Multiplayer,28,Ação,12+,255.78,1.79
Molly Legends,2012,EA,Canadá,526110,Multiplayer,3,Terror,12+,232.19,4.9
Vanessa Legends,1986,EA,Japão,27890967,Single Player,1,Plataforma,18+,48.95,2.23
Robert Chronicles,1982,Sega,Alemanha,24680344,Multiplayer,12,Esporte,10+,28.24,1.35
Richard World,2017,Ubisoft,Reino Unido,37489538,Single Player,1,Simulação,18+,161.65,3.09
Joseph Quest,2005,Square Enix,Alemanha,31921774,Single Player,1,Simulação,10+,93.97,1.38
Barbara Quest,1983,Rockstar Games,Brasil,28866854,Multiplayer,5,Simulação,10+,207.82,4.1
Marcus Battle,1986,Ubisoft,Reino Unido,16074376,Multiplayer,44,Ação,16+,135.47,2.62
Samuel Chronicles,2022,Rockstar Games,Austrália,27956114,Multiplayer,48,Simulação,10+,121.65,1.48
Matthew Legends,2022,EA,Alemanha,12772396,Multiplayer,83,Estratégia,14+,223.99,2.19
Deanna Legends,2009,Capcom,Reino Unido,4382496,Single Player,1,Corrida,Livre,291.57,3.4
Rebecca Saga,2011,Microsoft,Reino Unido,40450231,Multiplayer,52,Ação,18+,155.33,4.7
Dale Legends,2019,Microsoft,França,4839201,Single Player,1,Simulação,12+,62.58,4.82
David Chronicles,1989,Sega,Austrália,20596158,Multiplayer,67,Terror,12+,269.18,3.75
Jason Saga,1992,Ubisoft,Coréia do Sul,8005233,Multiplayer,3,Simulação,12+,175.83,4.04
Robin Saga,1997,Nintendo,Japão,36251860,Single Player,1,Corrida,12+,184.0,2.27
Robert Quest,2011,Nintendo,China,21173270,Multiplayer,35,Plataforma,Livre,31.72,1.69
Anthony World,1998,Activision,Austrália,15478463,Single Player,1,Aventura,Livre,230.59,1.95
Daniel Battle,2025,Nintendo,Canadá,8202232,Single Player,1,Plataforma,16+,219.52,3.67
Joshua Quest,1992,Microsoft,China,37945586,Multiplayer,57,Estratégia,14+,13.1,1.46
Ashley World,1980,Sony,Canadá,22358826,Single Player,1,Simulação,18+,268.57,2.46
Tammy Chronicles,1989,Activision,EUA,31202655,Single Player,1,Puzzle,14+,239.79,3.36
Robert Chronicles,2013,Nintendo,França,25160902,Multiplayer,36,Aventura,12+,131.55,2.12
Nicole Chronicles,2010,Square Enix,França,4051013,Multiplayer,20,Ação,Livre,39.84,1.97
Patrick Quest,1988,Capcom,Austrália,17154937,Multiplayer,71,RPG,16+,10.04,1.87
Luis Battle,1981,Square Enix,EUA,27738215,Single Player,1,Corrida,12+,179.98,4.23
Janet Battle,2019,Sony,Alemanha,21167830,Single Player,1,Corrida,10+,139.41,4.18
James Legends,2012,Rockstar Games,Alemanha,24772830,Single Player,1,Ação,12+,193.59,4.37
John Saga,1988,Sega,França,2330033,Multiplayer,35,Terror,14+,169.28,4.02
Tracey Legends,2021,Activision,Alemanha,45446688,Single Player,1,Ação,12+,283.51,4.82
Jacob Saga,2007,Nintendo,Alemanha,23671218,Single Player,1,Estratégia,14+,108.15,2.01
Michael Saga,1991,Ubisoft,Reino Unido,17761924,Single Player,1,Simulação,10+,291.29,2.66
Marc Battle,1982,Ubisoft,Japão,46029474,Single Player,1,Corrida,14+,62.6,1.91
James World,1981,Sony,Austrália,3444492,Single Player,1,Plataforma,Livre,187.13,4.35
Jeffrey Legends,2017,Microsoft,Coréia do Sul,28770616,Multiplayer,44,Estratégia,18+,87.64,4.15
Stephanie Battle,1992,Square Enix,Japão,48135543,Multiplayer,19,Estratégia,Livre,131.36,1.27
David Chronicles,2017,Activision,EUA,11264329,Multiplayer,96,RPG,18+,242.67,4.92
Eric Quest,1995,Microsoft,Brasil,31278060,Multiplayer,76,Esporte,16+,168.77,2.61
Samantha Saga,2005,Nintendo,EUA,38296605,Multiplayer,67,Ação,10+,277.06,4.41
Eric Quest,2014,Capcom,Coréia do Sul,49772074,Single Player,1,RPG,16+,148.6,1.27
Scott Battle,2017,Sony,Japão,756994,Multiplayer,8,Aventura,16+,16.69,4.13
Jeffery World,2009,Nintendo,França,30979704,Single Player,1,Simulação,10+,296.58,1.17
Michael Battle,1994,Square Enix,Alemanha,29412443,Multiplayer,89,Plataforma,12+,133.41,4.01
Annette Saga,1989,Sega,Canadá,48478213,Multiplayer,85,Simulação,16+,3.47,2.82
Patrick Saga,1987,Capcom,EUA,25400502,Single Player,1,Puzzle,18+,191.43,4.92
Robert Battle,1988,Sony,Japão,7846390,Single Player,1,Aventura,Livre,251.88,4.1
Sarah Chronicles,1997,EA,EUA,9765100,Single Player,1,Simulação,16+,18.59,4.16
Samantha Chronicles,2007,Ubisoft,Alemanha,23914635,Single Player,1,Ação,10+,38.13,2.31
Anthony Legends,2023,Ubisoft,Brasil,26434137,Multiplayer,26,Simulação,18+,13.73,4.96
Vincent Quest,2023,Capcom,França,33107395,Multiplayer,6,Puzzle,16+,182.32,2.33
Gabrielle Saga,2021,Capcom,Reino Unido,48461212,Single Player,1,Aventura,14+,197.18,2.79
Amber Battle,1995,Microsoft,Austrália,9557721,Single Player,1,Estratégia,Livre,238.03,4.55
Anthony Legends,1993,Activision,China,45845415,Single Player,1,Ação,10+,176.67,2.36
Allison Saga,2017,Sega,Austrália,4899674,Multiplayer,66,Simulação,14+,292.26,1.66
Kurt Saga,2009,Ubisoft,França,7110850,Multiplayer,94,Plataforma,18+,75.54,3.74
Connie World,2024,Nintendo,Canadá,34196365,Multiplayer,91,Estratégia,18+,184.96,2.84
Linda Chronicles,2024,Activision,Alemanha,13558885,Multiplayer,64,Terror,12+,93.53,1.63
Nathaniel Battle,1999,Capcom,EUA,30669223,Single Player,1,Corrida,18+,168.89,4.37
Stacey Saga,2019,EA,Canadá,3998330,Single Player,1,Simulação,Livre,14.47,4.07
Erica Battle,1993,Nintendo,Canadá,30109180,Single Player,1,Aventura,Livre,250.88,4.91
Derrick World,2015,Sony,Alemanha,22241974,Multiplayer,29,Terror,Livre,97.09,3.07
Brandi Chronicles,2003,Square Enix,Brasil,3077748,Multiplayer,14,Puzzle,Livre,275.91,1.1
Mason Battle,1989,Activision,Brasil,27297548,Single Player,1,Estratégia,16+,145.97,4.02
Jason Legends,2015,Sega,Coréia do Sul,11512062,Multiplayer,81,Corrida,16+,184.49,1.02
Angela Legends,1998,Sega,Coréia do Sul,5757425,Single Player,1,Ação,18+,197.57,2.73
Donald Saga,2025,Sony,Coréia do Sul,22600487,Single Player,1,Esporte,10+,74.47,1.81
Leslie Quest,1990,Rockstar Games,Brasil,33681179,Multiplayer,100,RPG,16+,46.77,1.81
Xavier Legends,1980,Square Enix,Austrália,10285647,Single Player,1,RPG,14+,92.47,2.13
Ryan World,2021,EA,Austrália,44262750,Single Player,1,Esporte,18+,237.4,3.84
Donna World,1999,Sega,Reino Unido,25308443,Multiplayer,3,Simulação,14+,162.46,4.28
Chelsea Saga,1980,Ubisoft,Coréia do Sul,35653830,Multiplayer,16,Aventura,12+,115.47,1.18
Christopher World,1981,Rockstar Games,Alemanha,569982,Multiplayer,35,Puzzle,12+,204.49,4.62
Leah Legends,2018,Nintendo,Alemanha,37031688,Multiplayer,79,Ação,12+,51.88,2.79
Stephen Battle,1989,Microsoft,China,10845142,Multiplayer,86,Simulação,10+,147.49,4.63
Tricia Battle,2007,Nintendo,EUA,32473930,Single Player,1,Estratégia,10+,36.72,4.01
Matthew Legends,2003,Sega,Japão,27890916,Single Player,1,Aventura,14+,225.62,3.92
Paul Quest,2016,Activision,China,6058745,Single Player,1,Terror,Livre,63.62,1.98
Emily Saga,1984,Nintendo,Reino Unido,32407347,Single Player,1,RPG,12+,244.88,4.2
Michele Chronicles,2011,EA,França,28617903,Single Player,1,Ação,16+,29.88,1.03
Kevin Saga,1990,Capcom,França,24472223,Multiplayer,100,RPG,14+,174.49,1.81
Ronald Saga,2006,EA,Canadá,44782295,Multiplayer,75,Plataforma,18+,32.79,3.71
Marc Quest,2014,Sega,Japão,39638226,Single Player,1,Estratégia,18+,272.86,3.92
Melissa Legends,2006,Capcom,China,22111368,Single Player,1,Corrida,Livre,231.78,2.56
Eric Legends,2001,Rockstar Games,Brasil,39798965,Single Player,1,Plataforma,18+,292.86,4.47
Bryan World,1985,EA,Alemanha,1401240,Single Player,1,Estratégia,12+,297.69,3.96
Paula Battle,2021,Nintendo,Canadá,3605391,Multiplayer,8,Puzzle,Livre,33.86,4.37
Cheryl Legends,1983,Ubisoft,Coréia do Sul,14098506,Multiplayer,85,Puzzle,14+,171.21,4.97
Dawn Legends,1994,Capcom,Japão,36377636,Multiplayer,81,Corrida,18+,120.83,2.54
Justin World,2000,Microsoft,França,24713910,Multiplayer,56,Aventura,12+,247.56,1.18
Michael Saga,1996,EA,EUA,25525949,Multiplayer,20,Plataforma,14+,192.19,3.11
Christopher Chronicles,2011,Sony,Austrália,8775886,Multiplayer,25,Plataforma,16+,3.26,4.17
Carlos World,2023,Microsoft,Canadá,35498245,Single Player,1,Corrida,18+,248.45,3.31
Angela World,1994,Sega,França,36531946,Multiplayer,87,Plataforma,14+,230.86,4.7
Brian Saga,1987,Square Enix,EUA,3268851,Single Player,1,Plataforma,14+,253.37,1.17
Charles Chronicles,2013,Sony,Austrália,1193372,Single Player,1,Aventura,16+,94.72,3.2
Thomas World,2019,Activision,China,13145487,Multiplayer,4,Plataforma,16+,83.97,2.56
Alexander Legends,2018,Sega,Coréia do Sul,7522471,Multiplayer,95,Esporte,18+,125.71,1.11
Joshua Battle,1981,Sega,Austrália,47510264,Multiplayer,20,Aventura,Livre,111.59,4.6
Kelly Chronicles,1987,Nintendo,Coréia do Sul,21423037,Single Player,1,RPG,16+,77.42,1.23
Karen Chronicles,1999,Activision,Alemanha,37528541,Single Player,1,Estratégia,12+,193.04,4.36
Frederick World,2010,Square Enix,Alemanha,2682410,Multiplayer,49,Ação,18+,250.49,2.36
John Chronicles,2004,Ubisoft,Japão,22821096,Single Player,1,Ação,Livre,252.36,1.54
Randy Quest,1994,Nintendo,EUA,3847638,Single Player,1,Ação,Livre,251.24,2.52
Diana Quest,1989,Sega,Austrália,24784058,Multiplayer,2,Estratégia,Livre,47.6,1.16
Andrew Quest,2010,Ubisoft,França,18301805,Multiplayer,38,Simulação,18+,61.59,2.91
Jane World,1983,Capcom,China,19574421,Multiplayer,62,Corrida,12+,124.03,3.77
Brian World,1982,Square Enix,China,45750096,Multiplayer,88,Puzzle,14+,20.14,3.9
Jeremiah Chronicles,1983,Ubisoft,Canadá,17227743,Single Player,1,Aventura,Livre,164.35,2.36
Bradley Quest,2020,Square Enix,Reino Unido,2065756,Multiplayer,41,Terror,Livre,252.13,1.43
Joshua Quest,2024,Ubisoft,Reino Unido,23355270,Multiplayer,30,Simulação,Livre,2.1,4.5
Jason Saga,1989,Square Enix,China,18215188,Multiplayer,97,Estratégia,12+,24.59,1.89
Leroy Battle,1990,Sony,Japão,31297926,Multiplayer,15,Corrida,14+,236.7,1.53
Jennifer Legends,1994,Activision,Japão,30313705,Single Player,1,Terror,14+,274.67,2.73
Joshua World,1990,Sega,China,22874174,Single Player,1,RPG,10+,156.15,4.29
Sarah World,2023,Rockstar Games,Coréia do Sul,5912128,Single Player,1,RPG,Livre,87.09,1.47
Ashley World,1982,Nintendo,Japão,19032246,Multiplayer,48,Ação,Livre,73.26,1.7
Tiffany Chronicles,2019,EA,França,43517288,Multiplayer,18,Terror,14+,185.14,1.4
Ronald Chronicles,2007,Capcom,China,9133197,Multiplayer,67,Simulação,Livre,200.52,4.83
Philip Saga,2007,Rockstar Games,China,18915513,Single Player,1,Esporte,12+,171.16,3.04
Allison Battle,2021,Capcom,Canadá,18315418,Single Player,1,Puzzle,10+,148.1,3.0
Stephanie Legends,2014,Square Enix,Japão,29462970,Multiplayer,12,Plataforma,18+,146.96,3.08
Eileen Saga,1988,Sony,Coréia do Sul,4678684,Multiplayer,25,Ação,12+,44.75,3.99
Daniel World,1985,Nintendo,Alemanha,19824925,Single Player,1,Ação,16+,246.55,2.46
John Legends,2022,Sega,Japão,16949474,Single Player,1,Terror,10+,137.11,2.74
Shari Chronicles,1984,Sony,Austrália,42427801,Multiplayer,38,Simulação,16+,9.29,3.06
Jennifer Saga,1996,EA,Coréia do Sul,42455728,Multiplayer,92,Ação,14+,126.9,1.29
Sandra World,2012,Square Enix,Reino Unido,40689328,Multiplayer,77,Corrida,12+,156.4,3.1
Krystal World,2005,Sega,Austrália,25229402,Multiplayer,13,Esporte,10+,162.87,2.32
April World,1996,Nintendo,Austrália,43809232,Single Player,1,RPG,16+,282.68,1.57
Christopher Legends,1991,Sony,EUA,1178925,Single Player,1,Corrida,12+,77.53,4.8
Nicholas Legends,2005,Nintendo,Japão,30071700,Single Player,1,Aventura,14+,59.0,2.37
Jennifer World,2020,Sega,Japão,11870791,Multiplayer,23,Terror,16+,224.84,2.09
Patrick Battle,2004,Sega,Reino Unido,37960643,Single Player,1,Corrida,18+,168.38,3.95
Kenneth Battle,1993,Microsoft,EUA,34755127,Single Player,1,Simulação,16+,258.8,1.85
Tyler Quest,1987,Sega,Austrália,17776657,Multiplayer,54,RPG,14+,243.55,1.44
Rachel Battle,2025,Ubisoft,China,15332954,Single Player,1,Terror,16+,241.36,2.07
Deborah Legends,2013,Sega,China,4654456,Single Player,1,Terror,14+,155.68,4.43
Brandon Battle,2010,EA,Austrália,17601748,Multiplayer,99,Puzzle,18+,97.5,2.71
Debra Saga,2017,Sony,França,266616,Single Player,1,Aventura,Livre,110.9,1.56
Mary Battle,1998,Microsoft,EUA,37610330,Multiplayer,82,Ação,10+,17.97,2.66
Fernando Quest,2019,Microsoft,Reino Unido,46672246,Multiplayer,70,Terror,18+,25.49,4.59
Amy Battle,2016,Square Enix,Alemanha,3859097,Multiplayer,90,Estratégia,Livre,276.45,1.41
Adrienne Quest,2019,Sony,Brasil,49058296,Multiplayer,53,Puzzle,12+,209.63,1.74
Lauren Chronicles,2001,Ubisoft,França,49961586,Multiplayer,23,Terror,Livre,36.62,3.4
Shannon Quest,2016,Activision,Coréia do Sul,22846917,Multiplayer,61,Puzzle,Livre,290.48,2.35
Mike Battle,2010,Capcom,Canadá,30233288,Multiplayer,32,Puzzle,Livre,133.57,3.2
Manuel Chronicles,2016,Rockstar Games,Coréia do Sul,20017286,Multiplayer,41,Aventura,Livre,86.5,2.17
Andrew Chronicles,1999,Rockstar Games,Brasil,44155593,Multiplayer,71,Estratégia,10+,255.3,3.46
Louis Saga,2004,Ubisoft,Brasil,45526026,Multiplayer,53,Corrida,10+,56.12,4.42
Andrew Saga,1998,Sega,França,7819234,Single Player,1,Aventura,12+,292.9,3.33
Randy Chronicles,2004,Sony,Japão,12167669,Single Player,1,Esporte,12+,298.76,4.61
Brian World,2016,Microsoft,Coréia do Sul,18300595,Single Player,1,Aventura,14+,161.83,2.11
Maria Chronicles,2003,EA,França,32515604,Multiplayer,66,RPG,14+,95.28,2.21
Dalton World,1981,Sega,Reino Unido,15122511,Single Player,1,Plataforma,14+,292.6,1.95
Lisa Saga,1982,Microsoft,Reino Unido,35446482,Multiplayer,19,Terror,16+,15.75,3.34
Cynthia Quest,1995,Rockstar Games,EUA,31013495,Multiplayer,54,Aventura,14+,73.01,1.23
Lawrence Saga,2025,Square Enix,Brasil,20841003,Single Player,1,RPG,10+,160.25,2.45
Kevin Chronicles,2025,EA,Alemanha,12464061,Single Player,1,Estratégia,14+,225.75,2.32
Tonya Quest,2010,Activision,Canadá,13754549,Single Player,1,Puzzle,16+,2.62,3.27
Monica Battle,2009,Microsoft,Austrália,13280352,Multiplayer,24,Esporte,16+,241.04,2.83
Gregory Quest,2010,Ubisoft,Brasil,42595530,Multiplayer,78,RPG,14+,186.94,1.52
Daniel Saga,1990,Nintendo,Japão,18243507,Single Player,1,Estratégia,10+,247.88,2.34
Nicholas Chronicles,1999,Capcom,Brasil,32083528,Single Player,1,Puzzle,10+,229.98,1.39
Monique Saga,2011,Capcom,Austrália,35612106,Single Player,1,Estratégia,16+,188.5,4.09
Loretta Legends,1992,Capcom,Brasil,3558721,Single Player,1,Aventura,Livre,129.71,1.62
Jennifer Quest,2011,Microsoft,Canadá,5960965,Single Player,1,Ação,Livre,299.88,1.79
Shelly Legends,2013,Rockstar Games,Japão,3466704,Single Player,1,Puzzle,Livre,4.54,4.0
Zachary Quest,2011,Capcom,EUA,45316624,Multiplayer,72,RPG,Livre,146.98,2.13
Cynthia Saga,2017,Ubisoft,Austrália,22347525,Multiplayer,88,Esporte,Livre,71.02,3.09
Colleen Legends,1999,EA,Reino Unido,48314192,Multiplayer,32,Plataforma,16+,289.51,2.23
Charles Quest,1985,Sony,Reino Unido,43831555,Multiplayer,23,Simulação,18+,175.08,2.39
Eric Saga,1981,Square Enix,Alemanha,20922177,Single Player,1,Estratégia,12+,215.25,4.38
Julia Saga,1996,Nintendo,França,32155237,Multiplayer,90,Terror,10+,235.55,3.76
Roger Legends,2014,EA,Japão,48170975,Single Player,1,Estratégia,14+,193.45,1.36
Mark Battle,1998,Rockstar Games,França,26759075,Multiplayer,78,Estratégia,16+,261.18,2.39
Scott Quest,1996,Activision,Austrália,17336602,Single Player,1,Terror,Livre,236.43,3.58
Jesse Quest,2006,Nintendo,Coréia do Sul,1110575,Single Player,1,Esporte,14+,87.31,2.07
Melissa Legends,2016,Nintendo,França,26485662,Single Player,1,Corrida,12+,23.59,2.93
Erica Chronicles,2020,Activision,Austrália,13716238,Multiplayer,4,Estratégia,16+,299.83,3.21
Matthew Saga,2019,Microsoft,Canadá,16506500,Multiplayer,77,Esporte,12+,44.61,2.08
Cheyenne Quest,1984,Sony,Japão,62138,Single Player,1,Corrida,14+,118.1,2.67
Wendy Battle,1999,EA,Canadá,14640847,Single Player,1,Plataforma,10+,156.57,2.87
Shelly Battle,2005,Capcom,Canadá,22322317,Multiplayer,84,Ação,12+,92.97,1.73
Morgan Chronicles,2020,Ubisoft,EUA,12623099,Single Player,1,Terror,10+,26.35,3.82
Susan Quest,1983,Rockstar Games,Austrália,24911713,Single Player,1,Simulação,14+,128.28,4.32
Ashley Battle,2024,Rockstar Games,França,42916111,Single Player,1,Ação,16+,11.7,1.05
Kimberly Saga,1996,Microsoft,Reino Unido,49866029,Multiplayer,22,Plataforma,16+,3.64,4.85
Zachary Battle,1984,Nintendo,Reino Unido,10690148,Single Player,1,Esporte,12+,171.51,1.83
Anthony Legends,1981,Microsoft,Coréia do Sul,4181490,Multiplayer,78,Simulação,14+,220.83,4.37
Gavin Chronicles,1989,Nintendo,China,37463235,Multiplayer,50,Plataforma,14+,112.35,4.21
Robin Battle,1981,Microsoft,França,12695220,Single Player,1,Terror,18+,140.56,1.98
Christina Legends,1986,Nintendo,Coréia do Sul,49011606,Single Player,1,Corrida,10+,104.28,3.59
Stacey Saga,2011,Nintendo,Reino Unido,14904455,Single Player,1,Estratégia,14+,256.7,4.79
Alyssa Quest,2015,Microsoft,Austrália,21383750,Multiplayer,12,Simulação,16+,179.09,3.63
John Saga,2000,Nintendo,Reino Unido,23292652,Multiplayer,57,RPG,14+,213.88,2.17
Robin Legends,1987,Activision,França,38416116,Single Player,1,Esporte,12+,51.39,3.49
Timothy Quest,2012,Capcom,Japão,31618803,Single Player,1,Aventura,Livre,145.35,4.08
Andre Legends,2018,Sega,Coréia do Sul,47796592,Multiplayer,55,Simulação,Livre,283.53,3.48
Darren Battle,1988,Ubisoft,Reino Unido,43395968,Multiplayer,65,Estratégia,12+,47.72,4.91
Christine World,2010,Activision,Alemanha,8013755,Single Player,1,Puzzle,16+,32.8,4.49
George World,2007,EA,Coréia do Sul,8406212,Single Player,1,Estratégia,16+,280.6,4.2
Rhonda Battle,2015,Capcom,Canadá,46887219,Single Player,1,Aventura,10+,104.92,4.72
Christina Quest,1987,EA,EUA,36309489,Single Player,1,RPG,16+,46.21,2.68
Steven World,1986,Nintendo,Austrália,42655030,Single Player,1,Aventura,18+,248.63,2.27
Sarah Battle,1991,Microsoft,EUA,18677159,Multiplayer,48,Puzzle,18+,160.01,2.61
Thomas Quest,1998,Sony,Reino Unido,16717454,Multiplayer,82,Simulação,18+,40.26,1.59
Heather World,1999,Ubisoft,Austrália,39037142,Single Player,1,Simulação,12+,274.44,3.47
Jonathan Chronicles,1983,Nintendo,Alemanha,47101366,Multiplayer,19,Corrida,14+,20.89,3.44
Nancy Saga,2014,Sony,Alemanha,3156426,Single Player,1,RPG,10+,45.91,1.91
Nicole Battle,2020,Nintendo,Austrália,10966257,Multiplayer,64,Aventura,10+,104.93,2.84
Tina Chronicles,2016,Ubisoft,Brasil,15395188,Multiplayer,1,Aventura,14+,281.61,3.23
Tyler World,2017,Square Enix,Brasil,9934192,Multiplayer,92,Esporte,18+,33.5,1.18
Alexis Battle,1990,Microsoft,Brasil,24797855,Single Player,1,Plataforma,Livre,163.79,1.01
Daniel Battle,1986,Microsoft,Coréia do Sul,35980795,Multiplayer,38,RPG,10+,127.58,4.38
John Quest,2023,Sony,Brasil,46757348,Single Player,1,Ação,18+,24.83,1.55
Rhonda World,2013,EA,Japão,7043498,Multiplayer,98,Puzzle,12+,89.33,2.17
Tina Legends,2003,Rockstar Games,Japão,33008796,Multiplayer,85,Simulação,10+,147.49,1.51
Daniel Quest,1999,EA,EUA,11905238,Single Player,1,Aventura,14+,12.06,1.54
Jennifer Quest,2018,Ubisoft,Austrália,13234032,Single Player,1,RPG,Livre,203.2,1.11
Casey Quest,2020,Ubisoft,Austrália,24067897,Single Player,1,Puzzle,18+,60.33,3.97
Megan Chronicles,1987,Nintendo,China,14371856,Multiplayer,26,Esporte,Livre,234.91,2.87
Theresa Saga,2011,EA,Japão,48865024,Single Player,1,Plataforma,Livre,151.87,2.74
Keith Legends,2021,Ubisoft,Brasil,44058208,Multiplayer,47,Simulação,10+,209.04,2.12
Kayla Battle,1992,EA,Reino Unido,37900564,Single Player,1,Puzzle,Livre,111.88,3.71
Jacqueline Chronicles,1992,Sony,Reino Unido,10026467,Multiplayer,30,Corrida,14+,269.44,3.29
Susan Legends,2020,Nintendo,EUA,17880622,Multiplayer,63,Plataforma,14+,151.37,2.79
Thomas Saga,1983,Nintendo,Canadá,32765787,Multiplayer,54,Plataforma,16+,252.81,1.19
James Quest,1996,Square Enix,Austrália,25478885,Single Player,1,Puzzle,Livre,223.89,4.59
Scott Saga,2013,Square Enix,Alemanha,14721819,Multiplayer,33,Estratégia,Livre,136.29,4.22
Jack World,1987,Capcom,Alemanha,18469493,Single Player,1,Ação,14+,32.79,1.6
Jerry Legends,1993,Capcom,Japão,28662158,Multiplayer,60,Terror,Livre,183.18,2.38
Donald World,1990,EA,Japão,29455537,Multiplayer,91,Corrida,18+,117.12,1.91
Brian Quest,1988,Activision,EUA,29326669,Multiplayer,9,Estratégia,16+,201.22,1.5
John Battle,2018,Sony,França,19752755,Multiplayer,62,Ação,18+,228.0,2.71
Robert Quest,2008,Nintendo,EUA,17272108,Single Player,1,Corrida,16+,212.36,1.63
Maria Quest,2017,Square Enix,Reino Unido,16702795,Multiplayer,5,Estratégia,18+,162.08,4.06
Laura Legends,2016,Ubisoft,Austrália,924515,Single Player,1,Plataforma,Livre,60.59,2.85
Damon World,2008,Square Enix,Coréia do Sul,4264283,Multiplayer,29,Corrida,16+,80.64,4.05
Karen Saga,1987,Capcom,França,37040288,Multiplayer,71,Terror,14+,108.29,4.91
Jeffrey Saga,1994,Square Enix,Reino Unido,10859098,Single Player,1,Corrida,18+,235.0,2.84
Anthony Chronicles,1984,Activision,Reino Unido,8882993,Single Player,1,Corrida,10+,251.09,4.91
Amy Legends,2025,Square Enix,Alemanha,5204470,Multiplayer,22,Corrida,12+,15.6,1.45
Adam Battle,1987,Capcom,China,19894269,Single Player,1,Corrida,16+,164.68,3.84
Angel Saga,2012,Microsoft,França,19786072,Single Player,1,Aventura,Livre,237.27,2.04
Katherine Chronicles,2009,Microsoft,Coréia do Sul,42098759,Single Player,1,Aventura,12+,247.86,3.76
Jonathan Legends,1986,Rockstar Games,EUA,37263541,Multiplayer,59,Corrida,12+,260.46,3.19
Jeffrey Saga,2010,EA,Alemanha,33254754,Single Player,1,RPG,14+,148.89,1.16
Robert World,2025,Ubisoft,Brasil,21349903,Single Player,1,Terror,14+,110.35,3.65
William Chronicles,2018,Square Enix,Alemanha,7722527,Multiplayer,27,Aventura,Livre,71.46,3.75
Alexis Quest,2016,EA,Coréia do Sul,33187608,Multiplayer,44,Aventura,Livre,299.44,2.1
Megan Battle,2009,Sega,França,19467117,Single Player,1,Simulação,16+,139.55,3.5
Joseph Quest,2012,Square Enix,Alemanha,21292067,Multiplayer,91,Estratégia,Livre,123.85,3.37
Willie Battle,2004,Sega,Alemanha,44566418,Multiplayer,95,Puzzle,Livre,218.31,4.58
Steven Quest,1985,Capcom,Coréia do Sul,10919818,Multiplayer,47,Puzzle,18+,102.14,4.04
Matthew Battle,2025,Square Enix,Alemanha,32567557,Single Player,1,Corrida,Livre,147.64,3.94
Allison Battle,2002,Rockstar Games,Coréia do Sul,39997920,Multiplayer,45,Estratégia,Livre,203.17,3.56
Rachel Quest,1998,Microsoft,Japão,20842120,Multiplayer,17,Terror,10+,237.87,4.87
Sarah World,2007,Capcom,Brasil,31182046,Multiplayer,40,Ação,16+,168.46,3.96
Jessica Legends,1984,Ubisoft,China,48769717,Single Player,1,Simulação,16+,67.59,2.12
James Quest,2000,Activision,Canadá,38669067,Single Player,1,Simulação,10+,182.44,1.59
Lindsay Legends,1998,EA,Alemanha,2949981,Single Player,1,Simulação,12+,199.06,2.8
Pamela Saga,1985,Ubisoft,EUA,30602653,Single Player,1,Aventura,10+,92.42,4.79
Elizabeth Saga,2013,Rockstar Games,Coréia do Sul,37033747,Single Player,1,RPG,12+,94.05,1.05
Jason Legends,1996,Sega,Austrália,37708157,Multiplayer,22,Aventura,Livre,117.16,4.57
Ann Quest,2002,Rockstar Games,Japão,32931038,Single Player,1,Puzzle,Livre,29.76,3.27
Travis Quest,2007,Ubisoft,China,22826229,Multiplayer,87,Terror,10+,285.67,4.7
Gina Legends,2008,Microsoft,EUA,1700952,Single Player,1,Terror,16+,225.46,3.29
Megan World,1997,Square Enix,Canadá,21340501,Multiplayer,21,Simulação,14+,152.29,1.15
Denise Legends,1999,Ubisoft,Japão,35384827,Single Player,1,RPG,18+,34.93,3.52
Carla Chronicles,2003,Capcom,Reino Unido,39654392,Single Player,1,Plataforma,Livre,83.25,4.1
Sara Saga,1987,Sega,Japão,1515125,Multiplayer,44,Ação,14+,212.3,3.06
Mary Battle,2010,Microsoft,Alemanha,17414597,Single Player,1,RPG,16+,112.08,3.71
Mallory Saga,1992,Activision,Alemanha,25752954,Multiplayer,20,Ação,12+,49.58,3.18
Stephen Quest,1992,Sega,EUA,3173906,Single Player,1,Esporte,12+,247.76,3.56
Grace Chronicles,2015,Square Enix,Japão,8800427,Multiplayer,82,Terror,14+,125.1,2.6
Stacey Battle,2024,Sony,Austrália,23284352,Multiplayer,49,Simulação,18+,6.48,3.21
Charlotte Quest,1987,Square Enix,França,12451113,Multiplayer,98,Simulação,12+,9.38,1.4
Katrina Legends,2002,EA,Austrália,48188838,Multiplayer,82,Aventura,16+,239.52,4.45
William Chronicles,2012,Rockstar Games,Brasil,34607172,Single Player,1,Puzzle,18+,72.93,2.56
Steve Battle,2016,Capcom,Alemanha,24142927,Single Player,1,Puzzle,12+,149.85,1.27
Helen Saga,1980,Rockstar Games,EUA,42242408,Single Player,1,Corrida,14+,193.11,3.4
Andrew Chronicles,2012,Ubisoft,França,19813195,Multiplayer,1,Puzzle,12+,4.72,2.74
Melissa Battle,2021,Square Enix,Alemanha,8468052,Multiplayer,65,Puzzle,10+,2.0,2.43
David Chronicles,2002,Nintendo,Canadá,9450846,Single Player,1,Terror,Livre,15.4,4.2
Nicholas Chronicles,2012,Capcom,Canadá,13038010,Single Player,1,Estratégia,12+,10.72,2.08
Chelsea World,2012,Capcom,Alemanha,44218123,Single Player,1,Plataforma,16+,177.21,2.41
Phillip Battle,2006,Rockstar Games,Brasil,31887521,Multiplayer,71,Ação,14+,209.39,1.91
Vanessa Battle,2017,Capcom,Japão,35609907,Single Player,1,Aventura,10+,43.17,1.16
Victoria Chronicles,2003,Sega,Reino Unido,19537883,Single Player,1,RPG,10+,158.02,1.39
Ellen Quest,2020,Activision,Alemanha,22223635,Single Player,1,Estratégia,12+,108.6,3.73
Crystal Chronicles,1984,Sony,França,10333796,Single Player,1,RPG,12+,280.68,3.26
Christopher Saga,1996,Square Enix,Japão,38538568,Single Player,1,Simulação,Livre,272.25,3.67
Katie World,2019,Microsoft,EUA,2222626,Multiplayer,1,Simulação,14+,276.73,2.94
David Quest,2019,Activision,EUA,16660548,Multiplayer,4,Puzzle,Livre,112.65,3.36
Michael Quest,1989,EA,Alemanha,48074865,Single Player,1,Ação,12+,55.56,1.3
Tyler Battle,1992,Nintendo,Alemanha,15597389,Single Player,1,Estratégia,10+,181.63,3.72
Kimberly Saga,2009,Activision,EUA,1172950,Single Player,1,Simulação,16+,226.71,3.43
Andrew Saga,2018,Square Enix,Coréia do Sul,40948826,Single Player,1,Esporte,12+,196.95,4.6
Zachary Quest,2019,Capcom,Austrália,31459984,Single Player,1,Ação,Livre,95.76,4.76
Carrie Chronicles,2021,Capcom,Japão,20339556,Multiplayer,63,Puzzle,12+,165.7,1.32
Allen Chronicles,1981,Activision,França,19853871,Single Player,1,RPG,14+,74.41,3.9
Jennifer Legends,1995,Activision,Canadá,46630792,Single Player,1,Plataforma,12+,116.4,4.5
Angela Legends,2020,EA,Austrália,13665881,Single Player,1,Terror,10+,149.37,3.26
Desiree World,2016,Square Enix,Brasil,31187920,Multiplayer,90,Terror,Livre,108.39,2.9
Caroline Legends,2018,Activision,Austrália,34880829,Multiplayer,78,Puzzle,12+,258.03,1.6
Christopher World,2019,Rockstar Games,Austrália,42605983,Single Player,1,RPG,10+,279.62,3.55
Victoria World,2012,Nintendo,Brasil,12090859,Single Player,1,Puzzle,16+,260.55,4.33
Debra Quest,2018,EA,Alemanha,45848416,Single Player,1,Corrida,18+,56.1,4.58
Matthew Saga,2013,EA,China,30613265,Single Player,1,Estratégia,12+,260.02,4.47
Dawn Saga,1995,EA,Canadá,4450628,Multiplayer,92,Puzzle,16+,43.65,1.07
Sandra Battle,1990,Rockstar Games,Canadá,44939789,Single Player,1,RPG,Livre,224.28,4.08
Amber Chronicles,1990,Capcom,China,6417781,Single Player,1,Simulação,Livre,27.53,4.39
Eric World,2024,Activision,Brasil,19720583,Multiplayer,47,Aventura,10+,265.18,3.94
Veronica Legends,2003,Rockstar Games,China,39931402,Single Player,1,Esporte,10+,29.59,1.26
Victoria Saga,1999,Rockstar Games,Reino Unido,19695199,Multiplayer,31,RPG,16+,26.35,3.62
Curtis Saga,1981,Sega,Reino Unido,32746286,Single Player,1,Esporte,12+,248.97,4.76
Tyler Quest,1987,Ubisoft,Canadá,9080374,Single Player,1,Corrida,10+,157.74,3.95
Samuel Quest,2025,EA,Canadá,47047522,Multiplayer,80,RPG,Livre,64.47,4.39
Christian World,2016,Sega,Brasil,6775202,Multiplayer,81,Aventura,10+,253.91,1.92
Zachary Quest,1982,Sony,Alemanha,2587599,Multiplayer,92,RPG,18+,94.55,1.63
Kelly Chronicles,1993,Rockstar Games,Canadá,25399274,Multiplayer,98,Corrida,16+,235.05,1.5
Tyler Battle,2015,Nintendo,Coréia do Sul,21627409,Multiplayer,10,Ação,14+,232.6,3.66
Stephanie Saga,1991,Ubisoft,Brasil,42305361,Single Player,1,Corrida,10+,107.11,2.96
Christine Quest,2017,Capcom,França,13894577,Single Player,1,Corrida,12+,65.02,1.12
Brian Legends,1985,Microsoft,Japão,36909751,Multiplayer,55,Puzzle,18+,96.3,3.95
Robert Chronicles,2010,Nintendo,EUA,41175153,Multiplayer,82,RPG,18+,76.7,2.78
Matthew Quest,2006,Capcom,Reino Unido,39767039,Multiplayer,31,Corrida,18+,28.76,1.13
Sharon Battle,2018,Capcom,Canadá,45438847,Multiplayer,40,RPG,Livre,105.9,4.56
Jonathon Chronicles,1996,Activision,Alemanha,48732741,Multiplayer,16,Esporte,16+,147.45,4.46
Amy Saga,1985,Capcom,Coréia do Sul,6052086,Single Player,1,Plataforma,18+,38.04,3.36
Mark World,1999,Activision,Coréia do Sul,4589744,Multiplayer,87,Corrida,10+,55.94,2.13
Julia Saga,1997,Sony,Alemanha,31628739,Multiplayer,37,Ação,12+,160.72,4.28
John World,1987,Rockstar Games,Reino Unido,10657016,Single Player,1,RPG,16+,95.7,2.35
Sarah Battle,2000,EA,Austrália,18572656,Single Player,1,Plataforma,16+,33.12,1.83
Laura World,2020,Capcom,Brasil,2644267,Single Player,1,Simulação,18+,19.14,4.88
Lauren Chronicles,1984,Activision,Austrália,30803783,Multiplayer,29,Simulação,14+,98.93,3.61
Mike Battle,1990,Activision,Austrália,24656896,Single Player,1,Simulação,12+,219.21,2.66
Timothy Battle,1990,Rockstar Games,França,15695082,Single Player,1,Simulação,18+,133.79,1.59
Christopher Battle,1998,Sega,Alemanha,10528942,Single Player,1,Ação,16+,254.68,1.39
Leslie Legends,2014,Activision,Austrália,6899350,Multiplayer,85,Corrida,18+,108.9,1.36
Cindy Saga,2002,Sega,Reino Unido,32133559,Multiplayer,4,Ação,14+,192.77,4.25
Alicia Quest,1998,Capcom,Brasil,25034155,Multiplayer,49,RPG,12+,235.99,2.02
Michael Legends,1986,EA,Austrália,23664164,Single Player,1,Aventura,Livre,192.25,2.83
Amy Saga,2010,Capcom,China,12553356,Single Player,1,Puzzle,14+,125.2,4.0
Maria Saga,1999,Rockstar Games,Japão,42016357,Multiplayer,22,Esporte,12+,199.94,3.57
Jacqueline Legends,2001,Ubisoft,Alemanha,36131379,Multiplayer,31,Esporte,Livre,169.16,3.63
Rodney World,1998,Ubisoft,Coréia do Sul,47708262,Single Player,1,Estratégia,14+,218.94,2.2
Haley Legends,1992,Activision,China,37809588,Single Player,1,Simulação,12+,133.33,3.79
Brandy World,1985,Nintendo,China,4611951,Single Player,1,RPG,14+,124.38,2.08
Charles Battle,1988,Square Enix,Reino Unido,5225192,Multiplayer,34,Plataforma,10+,151.55,1.73
Sean Legends,1997,Rockstar Games,Canadá,9217553,Multiplayer,11,Terror,10+,205.34,2.94
Sarah Quest,1996,Nintendo,Coréia do Sul,41849990,Single Player,1,Ação,16+,52.28,4.61
Kayla Quest,1990,Nintendo,China,37136722,Multiplayer,42,RPG,18+,114.59,1.63
Justin Saga,2020,Rockstar Games,França,46641490,Multiplayer,92,Puzzle,18+,76.25,2.77
Michael Saga,2025,Sega,Canadá,48398890,Multiplayer,27,Corrida,12+,37.21,3.91
Joel Saga,2020,EA,Reino Unido,40671616,Multiplayer,56,Ação,12+,239.67,1.91
Jennifer Quest,1988,Rockstar Games,Canadá,23159159,Single Player,1,Puzzle,Livre,72.5,1.11
Sonya Quest,2010,Microsoft,França,29653764,Multiplayer,23,Estratégia,12+,26.23,4.53
Darrell Battle,2024,Ubisoft,China,22844542,Single Player,1,Ação,12+,291.87,2.51
Crystal Legends,2014,Activision,EUA,22389077,Single Player,1,Estratégia,14+,95.91,3.18
Frank World,1993,Capcom,China,10750671,Multiplayer,7,Aventura,18+,39.75,2.4
Tina Quest,1980,Rockstar Games,Japão,24856766,Single Player,1,Esporte,16+,279.43,4.01
Zachary World,1982,Sega,Canadá,14111371,Single Player,1,Aventura,10+,253.41,4.37
Brandon World,1987,Sega,Canadá,46665551,Single Player,1,Estratégia,12+,218.13,3.24
Elizabeth Battle,2010,Sony,China,11989236,Multiplayer,84,Simulação,16+,207.82,2.56
Stephanie Legends,2002,Ubisoft,Japão,18213341,Single Player,1,Estratégia,14+,278.92,4.87
Kevin World,1993,Microsoft,EUA,34854839,Multiplayer,2,Ação,16+,181.12,4.76
Jessica World,2006,Microsoft,China,26236029,Multiplayer,7,Corrida,18+,160.57,3.9
Cheryl Legends,2009,EA,Coréia do Sul,46419171,Multiplayer,18,Estratégia,12+,183.11,2.47
Brian Quest,1983,Square Enix,China,46579531,Multiplayer,8,Simulação,Livre,11.15,1.1
Nicole Quest,1996,Microsoft,Canadá,14584818,Single Player,1,Aventura,18+,194.4,4.2
Robert Battle,1981,Capcom,EUA,48391140,Single Player,1,Corrida,10+,186.66,3.03
Daisy World,2019,Square Enix,Alemanha,16977949,Single Player,1,Estratégia,Livre,83.45,1.35
Julia Saga,2021,Square Enix,Canadá,31340760,Multiplayer,91,Simulação,18+,127.66,4.36
Denise Battle,2023,Rockstar Games,Alemanha,23477707,Single Player,1,Terror,18+,84.14,3.82
Kristen Legends,2022,Sega,EUA,23746675,Single Player,1,Puzzle,12+,205.65,3.45
Leslie Battle,2024,Ubisoft,Brasil,25594985,Multiplayer,75,Puzzle,12+,18.38,1.46
Katie World,1980,Capcom,Coréia do Sul,4486222,Multiplayer,99,Plataforma,18+,119.79,4.44
James World,2021,Sega,EUA,43050112,Single Player,1,Estratégia,Livre,9.54,2.25
Shelley Battle,2008,Sony,Brasil,3311099,Multiplayer,5,Simulação,14+,17.47,3.95
Samuel Chronicles,1992,Sega,Austrália,11026222,Single Player,1,Terror,18+,272.87,1.26
David World,1995,Nintendo,França,31671069,Single Player,1,RPG,Livre,240.23,3.89
Dana Saga,1998,Microsoft,Brasil,20949061,Single Player,1,Esporte,16+,43.89,1.96
Stephanie Quest,2001,Activision,Reino Unido,23686516,Multiplayer,26,Puzzle,14+,166.6,2.11
Laura Battle,2002,EA,Canadá,34499679,Multiplayer,30,RPG,16+,110.48,4.24
Emily World,1984,Activision,Brasil,41629799,Multiplayer,6,Estratégia,14+,278.6,4.95
Randall Battle,1999,Sony,Brasil,4298435,Multiplayer,8,Simulação,Livre,196.79,4.73
Michael Saga,1999,Activision,Austrália,47494617,Multiplayer,61,Aventura,14+,268.0,1.84
Chelsey World,1998,Microsoft,Reino Unido,30001652,Multiplayer,89,Aventura,12+,52.82,1.41
David World,1987,Microsoft,Alemanha,23770270,Single Player,1,Puzzle,18+,23.26,2.62
Nicholas World,2006,Ubisoft,França,24448945,Multiplayer,62,Estratégia,18+,74.72,1.4
Laurie Legends,1994,Sony,China,21127230,Multiplayer,12,Plataforma,10+,283.15,4.72
Kimberly Saga,1996,Rockstar Games,Brasil,9828844,Single Player,1,Ação,18+,42.49,1.14
Jeremy World,2005,EA,França,45998122,Single Player,1,Esporte,Livre,206.4,1.63
Kimberly Legends,1996,Sega,Japão,42406158,Single Player,1,Estratégia,16+,4.52,4.66
Amy Chronicles,2014,Nintendo,EUA,45991991,Single Player,1,Esporte,18+,260.24,2.49
Wendy World,1990,Ubisoft,Austrália,11754196,Single Player,1,Estratégia,16+,274.16,1.29
Debbie Battle,2003,Square Enix,Reino Unido,20836694,Multiplayer,25,RPG,18+,108.21,2.94
William Legends,1994,Sony,Canadá,1388800,Single Player,1,Corrida,10+,64.29,4.9
Steven Saga,1981,EA,EUA,39354928,Multiplayer,87,Esporte,12+,244.06,3.13
Sarah World,2015,Capcom,Reino Unido,40903025,Multiplayer,52,Esporte,16+,186.39,1.48
Charles Legends,1983,Rockstar Games,EUA,40398327,Single Player,1,Aventura,12+,280.64,2.53
Debbie Legends,1986,Sony,China,24563184,Multiplayer,2,Terror,12+,196.29,4.9
James Quest,2016,Rockstar Games,Reino Unido,41700329,Single Player,1,Esporte,14+,260.05,1.97
